"OBJECTID","ID_0","ISO","NAME_0","ID_1","NAME_1","ID_2","NAME_2","HASC_2","CCN_2","CCA_2","TYPE_2","ENGTYPE_2","NL_NAME_2","VARNAME_2"
1,235,"TUR","Turkey",1,"Çanakkale",1,"Çan","TR.CK.CA",NA,"","District","District","",""
2,235,"TUR","Turkey",1,"Çanakkale",2,"Ayvacik","TR.CK.AY",NA,"","District","District","",""
3,235,"TUR","Turkey",1,"Çanakkale",3,"Bayramiç","TR.CK.BA",NA,"","District","District","",""
4,235,"TUR","Turkey",1,"Çanakkale",4,"Biga","TR.CK.BI",NA,"","District","District","",""
5,235,"TUR","Turkey",1,"Çanakkale",5,"Bozcaada","TR.CK.BO",NA,"","District","District","",""
6,235,"TUR","Turkey",1,"Çanakkale",6,"Eceabat","TR.CK.EC",NA,"","District","District","",""
7,235,"TUR","Turkey",1,"Çanakkale",7,"Ezine","TR.CK.EZ",NA,"","District","District","",""
8,235,"TUR","Turkey",1,"Çanakkale",8,"Gökçeada","TR.CK.GO",NA,"","District","District","",""
9,235,"TUR","Turkey",1,"Çanakkale",9,"Gelibolu","TR.CK.GE",NA,"","District","District","",""
10,235,"TUR","Turkey",1,"Çanakkale",10,"Lapseki","TR.CK.LA",NA,"","District","District","",""
11,235,"TUR","Turkey",1,"Çanakkale",11,"Merkez","TR.CK.CK",NA,"","District","District","","Çanakkale"
12,235,"TUR","Turkey",1,"Çanakkale",12,"Yenice","TR.CK.YE",NA,"","District","District","",""
13,235,"TUR","Turkey",2,"Çankiri",13,"Çerkes","TR.CI.CE",NA,"","District","District","",""
14,235,"TUR","Turkey",2,"Çankiri",14,"Atkaracalar","TR.CI.AT",NA,"","District","District","",""
15,235,"TUR","Turkey",2,"Çankiri",15,"Sabanözü","TR.CI.SA",NA,"","District","District","",""
16,235,"TUR","Turkey",2,"Çankiri",16,"Bayramören","TR.CI.BA",NA,"","District","District","",""
17,235,"TUR","Turkey",2,"Çankiri",17,"Eldivan","TR.CI.EL",NA,"","District","District","",""
18,235,"TUR","Turkey",2,"Çankiri",18,"Ilgaz","TR.CI.IL",NA,"","District","District","",""
19,235,"TUR","Turkey",2,"Çankiri",19,"Kizilirmak","TR.CI.KI",NA,"","District","District","",""
20,235,"TUR","Turkey",2,"Çankiri",20,"Korgun","TR.CI.KO",NA,"","District","District","",""
21,235,"TUR","Turkey",2,"Çankiri",21,"Kursunlu","TR.CI.KU",NA,"","District","District","",""
22,235,"TUR","Turkey",2,"Çankiri",22,"Merkez","TR.CI.CI",NA,"","District","District","","Çankiri"
23,235,"TUR","Turkey",2,"Çankiri",23,"Orta","TR.CI.OR",NA,"","District","District","",""
24,235,"TUR","Turkey",2,"Çankiri",24,"Yaprakli","TR.CI.YA",NA,"","District","District","",""
25,235,"TUR","Turkey",3,"Çorum",25,"Iskilip","TR.CM.IS",NA,"","District","District","",""
26,235,"TUR","Turkey",3,"Çorum",26,"Alaca","TR.CM.AL",NA,"","District","District","",""
27,235,"TUR","Turkey",3,"Çorum",27,"Bayat","TR.CM.BA",NA,"","District","District","",""
28,235,"TUR","Turkey",3,"Çorum",28,"Bogazkale","TR.CM.BO",NA,"","District","District","",""
29,235,"TUR","Turkey",3,"Çorum",29,"Dodurga","TR.CM.DO",NA,"","District","District","",""
30,235,"TUR","Turkey",3,"Çorum",30,"Kargi","TR.CM.KA",NA,"","District","District","",""
31,235,"TUR","Turkey",3,"Çorum",31,"Laçin","TR.CM.LA",NA,"","District","District","",""
32,235,"TUR","Turkey",3,"Çorum",32,"Mecitözü","TR.CM.ME",NA,"","District","District","",""
33,235,"TUR","Turkey",3,"Çorum",33,"Merkez","TR.CM.CM",NA,"","District","District","","Çorum"
34,235,"TUR","Turkey",3,"Çorum",34,"Oguzlar","TR.CM.OG",NA,"","District","District","",""
35,235,"TUR","Turkey",3,"Çorum",35,"Ortaköy","TR.CM.OR",NA,"","District","District","",""
36,235,"TUR","Turkey",3,"Çorum",36,"Osmancik","TR.CM.OS",NA,"","District","District","",""
37,235,"TUR","Turkey",3,"Çorum",37,"Sungurlu","TR.CM.SU",NA,"","District","District","",""
38,235,"TUR","Turkey",3,"Çorum",38,"Ugurludag","TR.CM.UG",NA,"","District","District","",""
39,235,"TUR","Turkey",4,"Adana",39,"Imamoglu","TR.AA.IM",NA,"","District","District","",""
40,235,"TUR","Turkey",4,"Adana",40,"Aladag","TR.AA.AL",NA,"","District","District","",""
41,235,"TUR","Turkey",4,"Adana",41,"Ceyhan","TR.AA.CE",NA,"","District","District","",""
42,235,"TUR","Turkey",4,"Adana",42,"Feke","TR.AA.FE",NA,"","District","District","",""
43,235,"TUR","Turkey",4,"Adana",43,"Karaisali","TR.AA.KS",NA,"","District","District","",""
44,235,"TUR","Turkey",4,"Adana",44,"Karatas","TR.AA.KT",NA,"","District","District","",""
45,235,"TUR","Turkey",4,"Adana",45,"Kozan","TR.AA.KZ",NA,"","District","District","",""
46,235,"TUR","Turkey",4,"Adana",46,"Pozanti","TR.AA.PO",NA,"","District","District","",""
47,235,"TUR","Turkey",4,"Adana",47,"Saimbeyli","TR.AA.SA",NA,"","District","District","",""
48,235,"TUR","Turkey",4,"Adana",48,"Seyhan","TR.AA.AS",NA,"","District","District","",""
49,235,"TUR","Turkey",4,"Adana",49,"Tufanbeyli","TR.AA.TU",NA,"","District","District","",""
50,235,"TUR","Turkey",4,"Adana",50,"Yüregir","TR.AA.AY",NA,"","District","District","",""
51,235,"TUR","Turkey",4,"Adana",51,"Yumurtalik","TR.AA.YU",NA,"","District","District","",""
52,235,"TUR","Turkey",5,"Adiyaman",52,"Çelikhan","TR.AD.CE",NA,"","District","District","",""
53,235,"TUR","Turkey",5,"Adiyaman",53,"Besni","TR.AD.BE",NA,"","District","District","",""
54,235,"TUR","Turkey",5,"Adiyaman",54,"Gölbasi","TR.AD.GO",NA,"","District","District","",""
55,235,"TUR","Turkey",5,"Adiyaman",55,"Gerger","TR.AD.GE",NA,"","District","District","",""
56,235,"TUR","Turkey",5,"Adiyaman",56,"Kahta","TR.AD.KA",NA,"","District","District","",""
57,235,"TUR","Turkey",5,"Adiyaman",57,"Merkez","TR.AD.AD",NA,"","District","District","","Adiyaman"
58,235,"TUR","Turkey",5,"Adiyaman",58,"Samsat","TR.AD.SA",NA,"","District","District","",""
59,235,"TUR","Turkey",5,"Adiyaman",59,"Sincik","TR.AD.SI",NA,"","District","District","",""
60,235,"TUR","Turkey",5,"Adiyaman",60,"Tut","TR.AD.TU",NA,"","District","District","",""
61,235,"TUR","Turkey",6,"Afyon",61,"Ihsaniye","TR.AF.IH",NA,"","District","District","",""
62,235,"TUR","Turkey",6,"Afyon",62,"Iscehisar","TR.AF.IS",NA,"","District","District","",""
63,235,"TUR","Turkey",6,"Afyon",63,"Çay","TR.AF.CA",NA,"","District","District","",""
64,235,"TUR","Turkey",6,"Afyon",64,"Çobanlar","TR.AF.CO",NA,"","District","District","",""
65,235,"TUR","Turkey",6,"Afyon",65,"Suhut","TR.AF.SH",NA,"","District","District","",""
66,235,"TUR","Turkey",6,"Afyon",66,"Basmakçi","TR.AF.BM",NA,"","District","District","",""
67,235,"TUR","Turkey",6,"Afyon",67,"Bayat","TR.AF.BT",NA,"","District","District","",""
68,235,"TUR","Turkey",6,"Afyon",68,"Bolvadin","TR.AF.BO",NA,"","District","District","",""
69,235,"TUR","Turkey",6,"Afyon",69,"Dazkiri
","TR.AF.DA",NA,"","District","District","",""
70,235,"TUR","Turkey",6,"Afyon",70,"Dinar","TR.AF.DI",NA,"","District","District","",""
71,235,"TUR","Turkey",6,"Afyon",71,"Emirdag","TR.AF.EM",NA,"","District","District","",""
72,235,"TUR","Turkey",6,"Afyon",72,"Evciler","TR.AF.EV",NA,"","District","District","",""
73,235,"TUR","Turkey",6,"Afyon",73,"Hocalar","TR.AF.HO",NA,"","District","District","",""
74,235,"TUR","Turkey",6,"Afyon",74,"Kizilören","TR.AF.KI",NA,"","District","District","",""
75,235,"TUR","Turkey",6,"Afyon",75,"Merkez","TR.AF.AF",NA,"","District","District","","Afyonkarahisar Merkez
"
76,235,"TUR","Turkey",6,"Afyon",76,"Sandikli","TR.AF.SA",NA,"","District","District","",""
77,235,"TUR","Turkey",6,"Afyon",77,"Sincanli","TR.AF.SI",NA,"","District","District","",""
78,235,"TUR","Turkey",6,"Afyon",78,"Sultandagi","TR.AF.SD",NA,"","District","District","",""
79,235,"TUR","Turkey",7,"Agri",79,"Diyadin","TR.AG.DI",NA,"","District","District","",""
80,235,"TUR","Turkey",7,"Agri",80,"Dogubeyazit","TR.AG.DO",NA,"","District","District","",""
81,235,"TUR","Turkey",7,"Agri",81,"Eleskirt","TR.AG.EL",NA,"","District","District","",""
82,235,"TUR","Turkey",7,"Agri",82,"Hamur","TR.AG.HA",NA,"","District","District","",""
83,235,"TUR","Turkey",7,"Agri",83,"Merkez","TR.AG.AG",NA,"","District","District","","Agri"
84,235,"TUR","Turkey",7,"Agri",84,"Patnos","TR.AG.PA",NA,"","District","District","",""
85,235,"TUR","Turkey",7,"Agri",85,"Tasliçay","TR.AG.TA",NA,"","District","District","",""
86,235,"TUR","Turkey",7,"Agri",86,"Tutak","TR.AG.TU",NA,"","District","District","",""
87,235,"TUR","Turkey",8,"Aksaray",87,"Agaçören","TR.AK.AG",NA,"","District","District","",""
88,235,"TUR","Turkey",8,"Aksaray",88,"Eskil","TR.AK.ES",NA,"","District","District","",""
89,235,"TUR","Turkey",8,"Aksaray",89,"Gülagaç","TR.AK.GL",NA,"","District","District","",""
90,235,"TUR","Turkey",8,"Aksaray",90,"Güzelyurt","TR.AK.GY",NA,"","District","District","",""
91,235,"TUR","Turkey",8,"Aksaray",91,"Merkez","TR.AK.AK",NA,"","District","District","","Aksaray"
92,235,"TUR","Turkey",8,"Aksaray",92,"Ortaköy","TR.AK.OR",NA,"","District","District","",""
93,235,"TUR","Turkey",8,"Aksaray",93,"Sariyahsi
","TR.AK.SA",NA,"","District","District","",""
94,235,"TUR","Turkey",9,"Amasya",94,"Göynücek","TR.AM.GO",NA,"","District","District","",""
95,235,"TUR","Turkey",9,"Amasya",95,"Gümüshaciköy","TR.AM.GU",NA,"","District","District","",""
96,235,"TUR","Turkey",9,"Amasya",96,"Hamamözü","TR.AM.HA",NA,"","District","District","",""
97,235,"TUR","Turkey",9,"Amasya",97,"Merkez","TR.AM.AM",NA,"","District","District","","Amasya"
98,235,"TUR","Turkey",9,"Amasya",98,"Merzifon","TR.AM.ME",NA,"","District","District","",""
99,235,"TUR","Turkey",9,"Amasya",99,"Suluova","TR.AM.SU",NA,"","District","District","",""
100,235,"TUR","Turkey",9,"Amasya",100,"Tasova","TR.AM.TA",NA,"","District","District","",""
101,235,"TUR","Turkey",10,"Ankara",101,"Çamlidere","TR.AN.CA",NA,"","District","District","",""
102,235,"TUR","Turkey",10,"Ankara",102,"Çankaya","TR.AN.CK",NA,"","District","District","",""
103,235,"TUR","Turkey",10,"Ankara",103,"Çubuk","TR.AN.CU",NA,"","District","District","",""
104,235,"TUR","Turkey",10,"Ankara",104,"Akyurt","TR.AN.AT",NA,"","District","District","",""
105,235,"TUR","Turkey",10,"Ankara",105,"Altindag","TR.AN.AL",NA,"","District","District","",""
106,235,"TUR","Turkey",10,"Ankara",106,"Ayas","TR.AN.AY",NA,"","District","District","",""
107,235,"TUR","Turkey",10,"Ankara",107,"Sultan Koçhisar","TR.AN.SK",NA,"","District","District","",""
108,235,"TUR","Turkey",10,"Ankara",108,"Bala","TR.AN.BA",NA,"","District","District","",""
109,235,"TUR","Turkey",10,"Ankara",109,"Beypazari","TR.AN.BE",NA,"","District","District","",""
110,235,"TUR","Turkey",10,"Ankara",110,"Elmadag","TR.AN.EL",NA,"","District","District","",""
111,235,"TUR","Turkey",10,"Ankara",111,"Etimesgut","TR.AN.ET",NA,"","District","District","",""
112,235,"TUR","Turkey",10,"Ankara",112,"Evren","TR.AN.EV",NA,"","District","District","",""
113,235,"TUR","Turkey",10,"Ankara",113,"Gölbasi","TR.AN.GO",NA,"","District","District","",""
114,235,"TUR","Turkey",10,"Ankara",114,"Güdül","TR.AN.GU",NA,"","District","District","",""
115,235,"TUR","Turkey",10,"Ankara",115,"Haymana","TR.AN.HA",NA,"","District","District","",""
116,235,"TUR","Turkey",10,"Ankara",116,"Kizilcahamam","TR.AN.KI",NA,"","District","District","",""
117,235,"TUR","Turkey",10,"Ankara",117,"Kalecik","TR.AN.KC",NA,"","District","District","",""
118,235,"TUR","Turkey",10,"Ankara",118,"Kazan","TR.AN.KN",NA,"","District","District","",""
119,235,"TUR","Turkey",10,"Ankara",119,"Keçiören","TR.AN.KE",NA,"","District","District","",""
120,235,"TUR","Turkey",10,"Ankara",120,"Mamak","TR.AN.MA",NA,"","District","District","",""
121,235,"TUR","Turkey",10,"Ankara",121,"Nallihan","TR.AN.NA",NA,"","District","District","",""
122,235,"TUR","Turkey",10,"Ankara",122,"Polatli","TR.AN.PO",NA,"","District","District","",""
123,235,"TUR","Turkey",10,"Ankara",123,"Sincan
","TR.AN.SI",NA,"","District","District","",""
124,235,"TUR","Turkey",10,"Ankara",124,"Yenimahalle","TR.AN.YM",NA,"","District","District","",""
125,235,"TUR","Turkey",11,"Antalya",125,"Ibradi","TR.AL.IB",NA,"","District","District","",""
126,235,"TUR","Turkey",11,"Antalya",126,"Akseki","TR.AL.AK",NA,"","District","District","",""
127,235,"TUR","Turkey",11,"Antalya",127,"Alanya","TR.AL.AL",NA,"","District","District","",""
128,235,"TUR","Turkey",11,"Antalya",128,"Elmali","TR.AL.EL",NA,"","District","District","",""
129,235,"TUR","Turkey",11,"Antalya",129,"Finike","TR.AL.FI",NA,"","District","District","",""
130,235,"TUR","Turkey",11,"Antalya",130,"Gündogmus","TR.AL.GU",NA,"","District","District","",""
131,235,"TUR","Turkey",11,"Antalya",131,"Gazipasa","TR.AL.GP",NA,"","District","District","",""
132,235,"TUR","Turkey",11,"Antalya",132,"Kas","TR.AL.KS",NA,"","District","District","",""
133,235,"TUR","Turkey",11,"Antalya",133,"Kale","TR.AL.KL",NA,"","District","District","",""
134,235,"TUR","Turkey",11,"Antalya",134,"Kemer","TR.AL.KE",NA,"","District","District","",""
135,235,"TUR","Turkey",11,"Antalya",135,"Korkuteli","TR.AL.KO",NA,"","District","District","",""
136,235,"TUR","Turkey",11,"Antalya",136,"Kumluca","TR.AL.KU",NA,"","District","District","",""
137,235,"TUR","Turkey",11,"Antalya",137,"Manavgat","TR.AL.MA",NA,"","District","District","",""
138,235,"TUR","Turkey",11,"Antalya",138,"Merkez","TR.AL.AN",NA,"","District","District","","Antalya"
139,235,"TUR","Turkey",11,"Antalya",139,"Serik","TR.AL.SE",NA,"","District","District","",""
140,235,"TUR","Turkey",12,"Ardahan",140,"Çildir","TR.AR.CI",NA,"","District","District","",""
141,235,"TUR","Turkey",12,"Ardahan",141,"Damal","TR.AR.DA",NA,"","District","District","",""
142,235,"TUR","Turkey",12,"Ardahan",142,"Göle","TR.AR.GO",NA,"","District","District","",""
143,235,"TUR","Turkey",12,"Ardahan",143,"Hanak","TR.AR.HA",NA,"","District","District","",""
144,235,"TUR","Turkey",12,"Ardahan",144,"Merkez","TR.AR.AR",NA,"","District","District","","Ardahan"
145,235,"TUR","Turkey",12,"Ardahan",145,"Posof","TR.AR.PO",NA,"","District","District","",""
146,235,"TUR","Turkey",13,"Artvin",146,"Ardanuç","TR.AV.AD",NA,"","District","District","",""
147,235,"TUR","Turkey",13,"Artvin",147,"Arhavi","TR.AV.AH",NA,"","District","District","",""
148,235,"TUR","Turkey",13,"Artvin",148,"Savsat","TR.AV.SA",NA,"","District","District","",""
149,235,"TUR","Turkey",13,"Artvin",149,"Borçka","TR.AV.BO",NA,"","District","District","",""
150,235,"TUR","Turkey",13,"Artvin",150,"Hopa","TR.AV.HO",NA,"","District","District","",""
151,235,"TUR","Turkey",13,"Artvin",151,"Merkez","TR.AV.AV",NA,"","District","District","","Artvin"
152,235,"TUR","Turkey",13,"Artvin",152,"Murgul","TR.AV.MU",NA,"","District","District","",""
153,235,"TUR","Turkey",13,"Artvin",153,"Yusufeli","TR.AV.YU",NA,"","District","District","",""
154,235,"TUR","Turkey",14,"Aydin",154,"Incirliova","TR.AY.IN",NA,"","District","District","",""
155,235,"TUR","Turkey",14,"Aydin",155,"Çine","TR.AY.CI",NA,"","District","District","",""
156,235,"TUR","Turkey",14,"Aydin",156,"Bozdogan","TR.AY.BO",NA,"","District","District","",""
157,235,"TUR","Turkey",14,"Aydin",157,"Buharkent","TR.AY.BU",NA,"","District","District","",""
158,235,"TUR","Turkey",14,"Aydin",158,"Didim","TR.AY.DI",NA,"","District","District","",""
159,235,"TUR","Turkey",14,"Aydin",159,"Germencik","TR.AY.GE",NA,"","District","District","",""
160,235,"TUR","Turkey",14,"Aydin",160,"Kösk","TR.AY.KK",NA,"","District","District","",""
161,235,"TUR","Turkey",14,"Aydin",161,"Karacasu","TR.AY.KC",NA,"","District","District","",""
162,235,"TUR","Turkey",14,"Aydin",162,"Karpuzlu","TR.AY.KP",NA,"","District","District","",""
163,235,"TUR","Turkey",14,"Aydin",163,"Koçarli","TR.AY.KO",NA,"","District","District","",""
164,235,"TUR","Turkey",14,"Aydin",164,"Kusadasi","TR.AY.KD",NA,"","District","District","",""
165,235,"TUR","Turkey",14,"Aydin",165,"Kuyucak","TR.AY.KY",NA,"","District","District","",""
166,235,"TUR","Turkey",14,"Aydin",166,"Merkez","TR.AY.AY",NA,"","District","District","","Aydin Merkez
"
167,235,"TUR","Turkey",14,"Aydin",167,"Nazilli","TR.AY.NA",NA,"","District","District","",""
168,235,"TUR","Turkey",14,"Aydin",168,"Söke","TR.AY.SO",NA,"","District","District","",""
169,235,"TUR","Turkey",14,"Aydin",169,"Sultanhisar","TR.AY.SH",NA,"","District","District","",""
170,235,"TUR","Turkey",14,"Aydin",170,"Yenipazar","TR.AY.YP",NA,"","District","District","",""
171,235,"TUR","Turkey",15,"Balikesir",171,"Ivrindi","TR.BK.IV",NA,"","District","District","",""
172,235,"TUR","Turkey",15,"Balikesir",172,"Ayvalik","TR.BK.AY",NA,"","District","District","",""
173,235,"TUR","Turkey",15,"Balikesir",173,"Balya","TR.BK.BL",NA,"","District","District","",""
174,235,"TUR","Turkey",15,"Balikesir",174,"Bandirma","TR.BK.BD",NA,"","District","District","",""
175,235,"TUR","Turkey",15,"Balikesir",175,"Bigadiç","TR.BK.BI",NA,"","District","District","",""
176,235,"TUR","Turkey",15,"Balikesir",176,"Burhaniye","TR.BK.BU",NA,"","District","District","",""
177,235,"TUR","Turkey",15,"Balikesir",177,"Dursunbey","TR.BK.DU",NA,"","District","District","",""
178,235,"TUR","Turkey",15,"Balikesir",178,"Edremit","TR.BK.ED",NA,"","District","District","",""
179,235,"TUR","Turkey",15,"Balikesir",179,"Erdek","TR.BK.ER",NA,"","District","District","",""
180,235,"TUR","Turkey",15,"Balikesir",180,"Gömeç","TR.BK.GM",NA,"","District","District","",""
181,235,"TUR","Turkey",15,"Balikesir",181,"Gönen","TR.BK.GN",NA,"","District","District","",""
182,235,"TUR","Turkey",15,"Balikesir",182,"Havran","TR.BK.HA",NA,"","District","District","",""
183,235,"TUR","Turkey",15,"Balikesir",183,"Kepsut","TR.BK.KE",NA,"","District","District","",""
184,235,"TUR","Turkey",15,"Balikesir",184,"Manyas","TR.BK.MN",NA,"","District","District","",""
185,235,"TUR","Turkey",15,"Balikesir",185,"Marmara","TR.BK.MR",NA,"","District","District","",""
186,235,"TUR","Turkey",15,"Balikesir",186,"Merkez","TR.BK.BK",NA,"","District","District","","Balikesir Merkezi
 Merkez"
187,235,"TUR","Turkey",15,"Balikesir",187,"Sindirgi","TR.BK.SI",NA,"","District","District","",""
188,235,"TUR","Turkey",15,"Balikesir",188,"Savastepe","TR.BK.SA",NA,"","District","District","",""
189,235,"TUR","Turkey",15,"Balikesir",189,"Susurluk","TR.BK.SU",NA,"","District","District","",""
190,235,"TUR","Turkey",16,"Bartin",190,"Amasra","TR.BR.AM",NA,"","District","District","",""
191,235,"TUR","Turkey",16,"Bartin",191,"Kurucasile","TR.BR.KU",NA,"","District","District","",""
192,235,"TUR","Turkey",16,"Bartin",192,"Merkez","TR.BR.BR",NA,"","District","District","","Bartin"
193,235,"TUR","Turkey",16,"Bartin",193,"Ulus","TR.BR.UL",NA,"","District","District","",""
194,235,"TUR","Turkey",17,"Batman",194,"Besiri","TR.BM.BE",NA,"","District","District","",""
195,235,"TUR","Turkey",17,"Batman",195,"Gercüs","TR.BM.GE",NA,"","District","District","",""
196,235,"TUR","Turkey",17,"Batman",196,"Hasankeyf","TR.BM.HA",NA,"","District","District","",""
197,235,"TUR","Turkey",17,"Batman",197,"Kozluk","TR.BM.KO",NA,"","District","District","",""
198,235,"TUR","Turkey",17,"Batman",198,"Merkez","TR.BM.BM",NA,"","District","District","","Batman"
199,235,"TUR","Turkey",17,"Batman",199,"Sason","TR.BM.SA",NA,"","District","District","",""
200,235,"TUR","Turkey",18,"Bayburt",200,"Aydintepe","TR.BB.AY",NA,"","District","District","",""
201,235,"TUR","Turkey",18,"Bayburt",201,"Demirözü","TR.BB.DE",NA,"","District","District","",""
202,235,"TUR","Turkey",18,"Bayburt",202,"Merkez","TR.BB.BB",NA,"","District","District","","Bayburt"
203,235,"TUR","Turkey",19,"Bilecik",203,"Inhisar","TR.BC.IN",NA,"","District","District","",""
204,235,"TUR","Turkey",19,"Bilecik",204,"Bozüyük","TR.BC.BO",NA,"","District","District","",""
205,235,"TUR","Turkey",19,"Bilecik",205,"Gölpazari","TR.BC.GO",NA,"","District","District","",""
206,235,"TUR","Turkey",19,"Bilecik",206,"Merkez","TR.BC.BC",NA,"","District","District","","Bilecik"
207,235,"TUR","Turkey",19,"Bilecik",207,"Osmaneli","TR.BC.OS",NA,"","District","District","",""
208,235,"TUR","Turkey",19,"Bilecik",208,"Pazaryeri","TR.BC.PA",NA,"","District","District","",""
209,235,"TUR","Turkey",19,"Bilecik",209,"Sögüt","TR.BC.SO",NA,"","District","District","",""
210,235,"TUR","Turkey",19,"Bilecik",210,"Yenipazar","TR.BC.YP",NA,"","District","District","",""
211,235,"TUR","Turkey",20,"Bingöl",211,"Adakli","TR.BG.AD",NA,"","District","District","",""
212,235,"TUR","Turkey",20,"Bingöl",212,"Genç","TR.BG.GE",NA,"","District","District","",""
213,235,"TUR","Turkey",20,"Bingöl",213,"Karliova","TR.BG.KA",NA,"","District","District","",""
214,235,"TUR","Turkey",20,"Bingöl",214,"Kigi","TR.BG.KI",NA,"","District","District","",""
215,235,"TUR","Turkey",20,"Bingöl",215,"Merkez","TR.BG.BG",NA,"","District","District","","Bingöl"
216,235,"TUR","Turkey",20,"Bingöl",216,"Solhan","TR.BG.SO",NA,"","District","District","",""
217,235,"TUR","Turkey",20,"Bingöl",217,"Yayladere","TR.BG.YA",NA,"","District","District","",""
218,235,"TUR","Turkey",20,"Bingöl",218,"Yedisu","TR.BG.YE",NA,"","District","District","",""
219,235,"TUR","Turkey",21,"Bitlis",219,"Adilcevaz","TR.BT.AD",NA,"","District","District","",""
220,235,"TUR","Turkey",21,"Bitlis",220,"Ahlat","TR.BT.AH",NA,"","District","District","",""
221,235,"TUR","Turkey",21,"Bitlis",221,"Güroymak","TR.BT.GU",NA,"","District","District","",""
222,235,"TUR","Turkey",21,"Bitlis",222,"Hizan
","TR.BT.HI",NA,"","District","District","",""
223,235,"TUR","Turkey",21,"Bitlis",223,"Merkez","TR.BT.BT",NA,"","District","District","","Bitlis Merkezi"
224,235,"TUR","Turkey",21,"Bitlis",224,"Mutki","TR.BT.MU",NA,"","District","District","",""
225,235,"TUR","Turkey",21,"Bitlis",225,"Tatvan","TR.BT.TA",NA,"","District","District","",""
226,235,"TUR","Turkey",22,"Bolu",226,"Dörtdivan","TR.BL.DO",NA,"","District","District","",""
227,235,"TUR","Turkey",22,"Bolu",227,"Göynük","TR.BL.GO",NA,"","District","District","",""
228,235,"TUR","Turkey",22,"Bolu",228,"Gerede","TR.BL.GE",NA,"","District","District","",""
229,235,"TUR","Turkey",22,"Bolu",229,"Kibriscik","TR.BL.KI",NA,"","District","District","",""
230,235,"TUR","Turkey",22,"Bolu",230,"Mengen","TR.BL.ME",NA,"","District","District","",""
231,235,"TUR","Turkey",22,"Bolu",231,"Merkez","TR.BL.BL",NA,"","District","District","","Bolu"
232,235,"TUR","Turkey",22,"Bolu",232,"Mudurnu","TR.BL.MU",NA,"","District","District","",""
233,235,"TUR","Turkey",22,"Bolu",233,"Seben","TR.BL.SE",NA,"","District","District","",""
234,235,"TUR","Turkey",22,"Bolu",234,"Yeniçaga","TR.BL.YC",NA,"","District","District","",""
235,235,"TUR","Turkey",23,"Burdur",235,"Çavdir","TR.BD.CA",NA,"","District","District","",""
236,235,"TUR","Turkey",23,"Burdur",236,"Çeltikçi","TR.BD.CE",NA,"","District","District","",""
237,235,"TUR","Turkey",23,"Burdur",237,"Aglasun","TR.BD.AG",NA,"","District","District","",""
238,235,"TUR","Turkey",23,"Burdur",238,"Altinyayla","TR.BD.AL",NA,"","District","District","",""
239,235,"TUR","Turkey",23,"Burdur",239,"Bucak","TR.BD.BU",NA,"","District","District","",""
240,235,"TUR","Turkey",23,"Burdur",240,"Gölhisar","TR.BD.GO",NA,"","District","District","",""
241,235,"TUR","Turkey",23,"Burdur",241,"Karamanli","TR.BD.KA",NA,"","District","District","",""
242,235,"TUR","Turkey",23,"Burdur",242,"Kemer","TR.BD.KE",NA,"","District","District","",""
243,235,"TUR","Turkey",23,"Burdur",243,"Merkez","TR.BD.BD",NA,"","District","District","","Burdur"
244,235,"TUR","Turkey",23,"Burdur",244,"Tefenni","TR.BD.TE",NA,"","District","District","",""
245,235,"TUR","Turkey",23,"Burdur",245,"Yesilova","TR.BD.YL",NA,"","District","District","",""
246,235,"TUR","Turkey",24,"Bursa",246,"Inegöl","TR.BU.IN",NA,"","District","District","",""
247,235,"TUR","Turkey",24,"Bursa",247,"Iznik","TR.BU.IZ",NA,"","District","District","",""
248,235,"TUR","Turkey",24,"Bursa",248,"Büyükorhan","TR.BU.BK",NA,"","District","District","",""
249,235,"TUR","Turkey",24,"Bursa",249,"Gürsu","TR.BU.GU",NA,"","District","District","",""
250,235,"TUR","Turkey",24,"Bursa",250,"Gemlik","TR.BU.GE",NA,"","District","District","",""
251,235,"TUR","Turkey",24,"Bursa",251,"Harmancik","TR.BU.HA",NA,"","District","District","",""
252,235,"TUR","Turkey",24,"Bursa",252,"Karacabey","TR.BU.KA",NA,"","District","District","",""
253,235,"TUR","Turkey",24,"Bursa",253,"Keles","TR.BU.KL",NA,"","District","District","",""
254,235,"TUR","Turkey",24,"Bursa",254,"Kestel","TR.BU.KT",NA,"","District","District","",""
255,235,"TUR","Turkey",24,"Bursa",255,"Mudanya","TR.BU.MD",NA,"","District","District","",""
256,235,"TUR","Turkey",24,"Bursa",256,"Mustafa Kemalpasa","TR.BU.MK",NA,"","District","District","",""
257,235,"TUR","Turkey",24,"Bursa",257,"Nilüfer","TR.BU.BN",NA,"","District","District","",""
258,235,"TUR","Turkey",24,"Bursa",258,"Orhaneli","TR.BU.OE",NA,"","District","District","",""
259,235,"TUR","Turkey",24,"Bursa",259,"Orhangazi","TR.BU.OG",NA,"","District","District","",""
260,235,"TUR","Turkey",24,"Bursa",260,"Osmangazi","TR.BU.BO",NA,"","District","District","",""
261,235,"TUR","Turkey",24,"Bursa",261,"Yildirim","TR.BU.BY",NA,"","District","District","",""
262,235,"TUR","Turkey",24,"Bursa",262,"Yenisehir","TR.BU.YS",NA,"","District","District","",""
263,235,"TUR","Turkey",25,"Düzce",263,"Çilimli","TR.DU.CI",NA,"","District","District","",""
264,235,"TUR","Turkey",25,"Düzce",264,"Akçakoca","TR.DU.AK",NA,"","District","District","",""
265,235,"TUR","Turkey",25,"Düzce",265,"Cumayeri","TR.DU.CU",NA,"","District","District","",""
266,235,"TUR","Turkey",25,"Düzce",266,"Gölyaka","TR.DU.GO",NA,"","District","District","",""
267,235,"TUR","Turkey",25,"Düzce",267,"Gümüsova","TR.DU.GU",NA,"","District","District","",""
268,235,"TUR","Turkey",25,"Düzce",268,"Kaynasli","TR.DU.KA",NA,"","District","District","",""
269,235,"TUR","Turkey",25,"Düzce",269,"Merkez","TR.DU.DU",NA,"","District","District","","Düzce"
270,235,"TUR","Turkey",25,"Düzce",270,"Yigilca","TR.DU.YI",NA,"","District","District","",""
271,235,"TUR","Turkey",26,"Denizli",271,"Çal","TR.DN.CL",NA,"","District","District","",""
272,235,"TUR","Turkey",26,"Denizli",272,"Çameli","TR.DN.CM",NA,"","District","District","",""
273,235,"TUR","Turkey",26,"Denizli",273,"Çardak","TR.DN.CK",NA,"","District","District","",""
274,235,"TUR","Turkey",26,"Denizli",274,"Çivril","TR.DN.CI",NA,"","District","District","",""
275,235,"TUR","Turkey",26,"Denizli",275,"Acipayam","TR.DN.AC",NA,"","District","District","",""
276,235,"TUR","Turkey",26,"Denizli",276,"Akköy","TR.DN.AK",NA,"","District","District","",""
277,235,"TUR","Turkey",26,"Denizli",277,"Babadag","TR.DN.BB",NA,"","District","District","",""
278,235,"TUR","Turkey",26,"Denizli",278,"Baklan","TR.DN.BK",NA,"","District","District","",""
279,235,"TUR","Turkey",26,"Denizli",279,"Bekilli","TR.DN.BL",NA,"","District","District","",""
280,235,"TUR","Turkey",26,"Denizli",280,"Beyagaç","TR.DN.BY",NA,"","District","District","",""
281,235,"TUR","Turkey",26,"Denizli",281,"Bozkurt","TR.DN.BO",NA,"","District","District","",""
282,235,"TUR","Turkey",26,"Denizli",282,"Buldan","TR.DN.BU",NA,"","District","District","",""
283,235,"TUR","Turkey",26,"Denizli",283,"Güney","TR.DN.GU",NA,"","District","District","",""
284,235,"TUR","Turkey",26,"Denizli",284,"Honaz","TR.DN.HO",NA,"","District","District","",""
285,235,"TUR","Turkey",26,"Denizli",285,"Kale","TR.DN.KA",NA,"","District","District","",""
286,235,"TUR","Turkey",26,"Denizli",286,"Merkez","TR.DN.DN",NA,"","District","District","","Denizli Merkez"
287,235,"TUR","Turkey",26,"Denizli",287,"Sarayköy","TR.DN.SA",NA,"","District","District","",""
288,235,"TUR","Turkey",26,"Denizli",288,"Serinhisar","TR.DN.SE",NA,"","District","District","",""
289,235,"TUR","Turkey",26,"Denizli",289,"Tavas
","TR.DN.TA",NA,"","District","District","",""
290,235,"TUR","Turkey",27,"Diyarbakir",290,"Çinar","TR.DY.CI",NA,"","District","District","",""
291,235,"TUR","Turkey",27,"Diyarbakir",291,"Çüngüs","TR.DY.CU",NA,"","District","District","",""
292,235,"TUR","Turkey",27,"Diyarbakir",292,"Çermik","TR.DY.CE",NA,"","District","District","",""
293,235,"TUR","Turkey",27,"Diyarbakir",293,"Bismil","TR.DY.BI",NA,"","District","District","",""
294,235,"TUR","Turkey",27,"Diyarbakir",294,"Dicle","TR.DY.DI",NA,"","District","District","",""
295,235,"TUR","Turkey",27,"Diyarbakir",295,"Egil","TR.DY.EG",NA,"","District","District","",""
296,235,"TUR","Turkey",27,"Diyarbakir",296,"Ergani","TR.DY.ER",NA,"","District","District","",""
297,235,"TUR","Turkey",27,"Diyarbakir",297,"Hani","TR.DY.HN",NA,"","District","District","",""
298,235,"TUR","Turkey",27,"Diyarbakir",298,"Hazro","TR.DY.HR",NA,"","District","District","",""
299,235,"TUR","Turkey",27,"Diyarbakir",299,"Kocaköy","TR.DY.KO",NA,"","District","District","",""
300,235,"TUR","Turkey",27,"Diyarbakir",300,"Kulp","TR.DY.KU",NA,"","District","District","",""
301,235,"TUR","Turkey",27,"Diyarbakir",301,"Lice","TR.DY.LI",NA,"","District","District","",""
302,235,"TUR","Turkey",27,"Diyarbakir",302,"Merkez","TR.DY.DY",NA,"","District","District","","Diyarbakir Merkezi
"
303,235,"TUR","Turkey",27,"Diyarbakir",303,"Silvan","TR.DY.SI",NA,"","District","District","",""
304,235,"TUR","Turkey",28,"Edirne",304,"Ipsala","TR.ED.IP",NA,"","District","District","",""
305,235,"TUR","Turkey",28,"Edirne",305,"Enez","TR.ED.EN",NA,"","District","District","",""
306,235,"TUR","Turkey",28,"Edirne",306,"Havsa","TR.ED.HA",NA,"","District","District","",""
307,235,"TUR","Turkey",28,"Edirne",307,"Kesan","TR.ED.KE",NA,"","District","District","",""
308,235,"TUR","Turkey",28,"Edirne",308,"Lalapasa","TR.ED.LA",NA,"","District","District","",""
309,235,"TUR","Turkey",28,"Edirne",309,"Meriç","TR.ED.ME",NA,"","District","District","",""
310,235,"TUR","Turkey",28,"Edirne",310,"Merkez","TR.ED.ED",NA,"","District","District","","Edirne"
311,235,"TUR","Turkey",28,"Edirne",311,"Süleoglu","TR.ED.SU",NA,"","District","District","",""
312,235,"TUR","Turkey",28,"Edirne",312,"Uzunköprü","TR.ED.UZ",NA,"","District","District","",""
313,235,"TUR","Turkey",29,"Elazig",313,"Agin","TR.EG.AG",NA,"","District","District","",""
314,235,"TUR","Turkey",29,"Elazig",314,"Alacakaya","TR.EG.AL",NA,"","District","District","",""
315,235,"TUR","Turkey",29,"Elazig",315,"Aricak","TR.EG.AR",NA,"","District","District","",""
316,235,"TUR","Turkey",29,"Elazig",316,"Baskil","TR.EG.BA",NA,"","District","District","",""
317,235,"TUR","Turkey",29,"Elazig",317,"Karakoçan","TR.EG.KA",NA,"","District","District","",""
318,235,"TUR","Turkey",29,"Elazig",318,"Keban","TR.EG.KE",NA,"","District","District","",""
319,235,"TUR","Turkey",29,"Elazig",319,"Kovancilar","TR.EG.KO",NA,"","District","District","",""
320,235,"TUR","Turkey",29,"Elazig",320,"Maden","TR.EG.MA",NA,"","District","District","",""
321,235,"TUR","Turkey",29,"Elazig",321,"Merkez","TR.EG.EG",NA,"","District","District","","Elazig"
322,235,"TUR","Turkey",29,"Elazig",322,"Palu","TR.EG.PA",NA,"","District","District","",""
323,235,"TUR","Turkey",29,"Elazig",323,"Sivrice","TR.EG.SI",NA,"","District","District","",""
324,235,"TUR","Turkey",30,"Erzincan",324,"Iliç","TR.EN.IL",NA,"","District","District","",""
325,235,"TUR","Turkey",30,"Erzincan",325,"Çayirli","TR.EN.CA",NA,"","District","District","",""
326,235,"TUR","Turkey",30,"Erzincan",326,"Üzümlü","TR.EN.UZ",NA,"","District","District","",""
327,235,"TUR","Turkey",30,"Erzincan",327,"Kemah","TR.EN.KH",NA,"","District","District","",""
328,235,"TUR","Turkey",30,"Erzincan",328,"Kemaliye","TR.EN.KL",NA,"","District","District","",""
329,235,"TUR","Turkey",30,"Erzincan",329,"Merkez","TR.EN.EN",NA,"","District","District","","Erzincan"
330,235,"TUR","Turkey",30,"Erzincan",330,"Otlukbeli","TR.EN.OT",NA,"","District","District","",""
331,235,"TUR","Turkey",30,"Erzincan",331,"Refahiye","TR.EN.RE",NA,"","District","District","",""
332,235,"TUR","Turkey",30,"Erzincan",332,"Tercan","TR.EN.TE",NA,"","District","District","",""
333,235,"TUR","Turkey",31,"Erzurum",333,"Ispir
","TR.EM.IS",NA,"","District","District","",""
334,235,"TUR","Turkey",31,"Erzurum",334,"Çat","TR.EM.CA",NA,"","District","District","",""
335,235,"TUR","Turkey",31,"Erzurum",335,"Askale","TR.EM.AS",NA,"","District","District","",""
336,235,"TUR","Turkey",31,"Erzurum",336,"Senkaya","TR.EM.SE",NA,"","District","District","",""
337,235,"TUR","Turkey",31,"Erzurum",337,"Hinis","TR.EM.HI",NA,"","District","District","",""
338,235,"TUR","Turkey",31,"Erzurum",338,"Horasan","TR.EM.HO",NA,"","District","District","",""
339,235,"TUR","Turkey",31,"Erzurum",339,"Ilica","TR.EM.IL",NA,"","District","District","",""
340,235,"TUR","Turkey",31,"Erzurum",340,"Köprüköy","TR.EM.KO",NA,"","District","District","",""
341,235,"TUR","Turkey",31,"Erzurum",341,"Karaçoban","TR.EM.KC",NA,"","District","District","",""
342,235,"TUR","Turkey",31,"Erzurum",342,"Karayazi","TR.EM.KR",NA,"","District","District","",""
343,235,"TUR","Turkey",31,"Erzurum",343,"Merkez","TR.EM.EM",NA,"","District","District","","Erzurum Merkez"
344,235,"TUR","Turkey",31,"Erzurum",344,"Narman","TR.EM.NA",NA,"","District","District","",""
345,235,"TUR","Turkey",31,"Erzurum",345,"Oltu","TR.EM.OT",NA,"","District","District","",""
346,235,"TUR","Turkey",31,"Erzurum",346,"Olur","TR.EM.OR",NA,"","District","District","",""
347,235,"TUR","Turkey",31,"Erzurum",347,"Pasinler","TR.EM.PL",NA,"","District","District","",""
348,235,"TUR","Turkey",31,"Erzurum",348,"Pazaryolu","TR.EM.PR",NA,"","District","District","",""
349,235,"TUR","Turkey",31,"Erzurum",349,"Tekman","TR.EM.TE",NA,"","District","District","",""
350,235,"TUR","Turkey",31,"Erzurum",350,"Tortum","TR.EM.TO",NA,"","District","District","",""
351,235,"TUR","Turkey",31,"Erzurum",351,"Uzundere","TR.EM.UZ",NA,"","District","District","",""
352,235,"TUR","Turkey",32,"Eskisehir",352,"Inönü","TR.ES.IN",NA,"","District","District","",""
353,235,"TUR","Turkey",32,"Eskisehir",353,"Çifteler","TR.ES.CI",NA,"","District","District","",""
354,235,"TUR","Turkey",32,"Eskisehir",354,"Alpu","TR.ES.AL",NA,"","District","District","",""
355,235,"TUR","Turkey",32,"Eskisehir",355,"Beylikova","TR.ES.BE",NA,"","District","District","",""
356,235,"TUR","Turkey",32,"Eskisehir",356,"Günyüzü","TR.ES.GU",NA,"","District","District","",""
357,235,"TUR","Turkey",32,"Eskisehir",357,"Han","TR.ES.HA",NA,"","District","District","",""
358,235,"TUR","Turkey",32,"Eskisehir",358,"Mahmudiye","TR.ES.MA",NA,"","District","District","",""
359,235,"TUR","Turkey",32,"Eskisehir",359,"Merkez","TR.ES.ES",NA,"","District","District","","Eskisehir Merkez
 Merkez"
360,235,"TUR","Turkey",32,"Eskisehir",360,"Mihaliçcik","TR.ES.MK",NA,"","District","District","",""
361,235,"TUR","Turkey",32,"Eskisehir",361,"Mihalgazi","TR.ES.MG",NA,"","District","District","",""
362,235,"TUR","Turkey",32,"Eskisehir",362,"Saricakaya","TR.ES.SA",NA,"","District","District","",""
363,235,"TUR","Turkey",32,"Eskisehir",363,"Seyitgazi","TR.ES.SE",NA,"","District","District","",""
364,235,"TUR","Turkey",32,"Eskisehir",364,"Sivrihisar","TR.ES.SI",NA,"","District","District","",""
365,235,"TUR","Turkey",33,"Gümüshane",365,"Siran","TR.GU.SI",NA,"","District","District","",""
366,235,"TUR","Turkey",33,"Gümüshane",366,"Köse","TR.GU.KO",NA,"","District","District","",""
367,235,"TUR","Turkey",33,"Gümüshane",367,"Kürtün
","TR.GU.KU",NA,"","District","District","",""
368,235,"TUR","Turkey",33,"Gümüshane",368,"Kelkit","TR.GU.KE",NA,"","District","District","",""
369,235,"TUR","Turkey",33,"Gümüshane",369,"Merkez","TR.GU.GU",NA,"","District","District","","Gümüshane"
370,235,"TUR","Turkey",33,"Gümüshane",370,"Torul","TR.GU.TO",NA,"","District","District","",""
371,235,"TUR","Turkey",34,"Gaziantep",371,"Islahiye","TR.GA.IS",NA,"","District","District","",""
372,235,"TUR","Turkey",34,"Gaziantep",372,"Araban","TR.GA.AR",NA,"","District","District","",""
373,235,"TUR","Turkey",34,"Gaziantep",373,"Sahinbey","TR.GA.GB",NA,"","District","District","",""
374,235,"TUR","Turkey",34,"Gaziantep",374,"Sehitkamil","TR.GA.GK",NA,"","District","District","",""
375,235,"TUR","Turkey",34,"Gaziantep",375,"Karkamis","TR.GA.KA",NA,"","District","District","",""
376,235,"TUR","Turkey",34,"Gaziantep",376,"Nizip","TR.GA.NI",NA,"","District","District","",""
377,235,"TUR","Turkey",34,"Gaziantep",377,"Nurdagi","TR.GA.NU",NA,"","District","District","",""
378,235,"TUR","Turkey",34,"Gaziantep",378,"Oguzeli
","TR.GA.OG",NA,"","District","District","",""
379,235,"TUR","Turkey",34,"Gaziantep",379,"Yavuzeli","TR.GA.YA",NA,"","District","District","",""
380,235,"TUR","Turkey",35,"Giresun",380,"Çamoluk","TR.GI.CM",NA,"","District","District","",""
381,235,"TUR","Turkey",35,"Giresun",381,"Çanakçi","TR.GI.CN",NA,"","District","District","",""
382,235,"TUR","Turkey",35,"Giresun",382,"Alucra","TR.GI.AL",NA,"","District","District","",""
383,235,"TUR","Turkey",35,"Giresun",383,"Sultan Karahisar","TR.GI.SK",NA,"","District","District","",""
384,235,"TUR","Turkey",35,"Giresun",384,"Bulancak","TR.GI.BU",NA,"","District","District","",""
385,235,"TUR","Turkey",35,"Giresun",385,"Dereli","TR.GI.DE",NA,"","District","District","",""
386,235,"TUR","Turkey",35,"Giresun",386,"Dogankent","TR.GI.DO",NA,"","District","District","",""
387,235,"TUR","Turkey",35,"Giresun",387,"Espiye","TR.GI.ES",NA,"","District","District","",""
388,235,"TUR","Turkey",35,"Giresun",388,"Eynesil","TR.GI.EY",NA,"","District","District","",""
389,235,"TUR","Turkey",35,"Giresun",389,"Görele","TR.GI.GO",NA,"","District","District","",""
390,235,"TUR","Turkey",35,"Giresun",390,"Güce","TR.GI.GU",NA,"","District","District","",""
391,235,"TUR","Turkey",35,"Giresun",391,"Kesap","TR.GI.KE",NA,"","District","District","",""
392,235,"TUR","Turkey",35,"Giresun",392,"Merkez","TR.GI.GI",NA,"","District","District","","Giresun"
393,235,"TUR","Turkey",35,"Giresun",393,"Piraziz","TR.GI.PI",NA,"","District","District","",""
394,235,"TUR","Turkey",35,"Giresun",394,"Tirebolu","TR.GI.TI",NA,"","District","District","",""
395,235,"TUR","Turkey",35,"Giresun",395,"Yaglidere","TR.GI.YA",NA,"","District","District","",""
396,235,"TUR","Turkey",36,"Hakkari",396,"Çukurca","TR.HK.CU",NA,"","District","District","",""
397,235,"TUR","Turkey",36,"Hakkari",397,"Semdinli","TR.HK.SE",NA,"","District","District","",""
398,235,"TUR","Turkey",36,"Hakkari",398,"Merkez","TR.HK.HK",NA,"","District","District","","Hakkari"
399,235,"TUR","Turkey",36,"Hakkari",399,"Yüksekova","TR.HK.YU",NA,"","District","District","","Yüksekova"
400,235,"TUR","Turkey",37,"Hatay",400,"Iskenderun","TR.HT.IS",NA,"","District","District","",""
401,235,"TUR","Turkey",37,"Hatay",401,"Altinözü","TR.HT.AL",NA,"","District","District","",""
402,235,"TUR","Turkey",37,"Hatay",402,"Belen","TR.HT.BE",NA,"","District","District","",""
403,235,"TUR","Turkey",37,"Hatay",403,"Dörtyol","TR.HT.DO",NA,"","District","District","",""
404,235,"TUR","Turkey",37,"Hatay",404,"Erzin","TR.HT.ER",NA,"","District","District","",""
405,235,"TUR","Turkey",37,"Hatay",405,"Hassa","TR.HT.HA",NA,"","District","District","",""
406,235,"TUR","Turkey",37,"Hatay",406,"Kirikhan","TR.HT.KI",NA,"","District","District","",""
407,235,"TUR","Turkey",37,"Hatay",407,"Kumlu","TR.HT.KU",NA,"","District","District","",""
408,235,"TUR","Turkey",37,"Hatay",408,"Merkez","TR.HT.HT",NA,"","District","District","","Hatay Merkezi"
409,235,"TUR","Turkey",37,"Hatay",409,"Reyhanli","TR.HT.RE",NA,"","District","District","",""
410,235,"TUR","Turkey",37,"Hatay",410,"Samandag","TR.HT.SA",NA,"","District","District","",""
411,235,"TUR","Turkey",37,"Hatay",411,"Yayladagi","TR.HT.YA",NA,"","District","District","",""
412,235,"TUR","Turkey",38,"Igdir",412,"Aralik
","TR.IG.AR",NA,"","District","District","",""
413,235,"TUR","Turkey",38,"Igdir",413,"Karakoyunlu","TR.IG.KA",NA,"","District","District","",""
414,235,"TUR","Turkey",38,"Igdir",414,"Merkez","TR.IG.IG",NA,"","District","District","","Igdir"
415,235,"TUR","Turkey",38,"Igdir",415,"Tuzluca
","TR.IG.TU",NA,"","District","District","",""
416,235,"TUR","Turkey",39,"Isparta",416,"Aksu","TR.IP.AK",NA,"","District","District","",""
417,235,"TUR","Turkey",39,"Isparta",417,"Atabey","TR.IP.AT",NA,"","District","District","",""
418,235,"TUR","Turkey",39,"Isparta",418,"Sarkikaraagaç","TR.IP.SA",NA,"","District","District","",""
419,235,"TUR","Turkey",39,"Isparta",419,"Egirdir","TR.IP.EG",NA,"","District","District","",""
420,235,"TUR","Turkey",39,"Isparta",420,"Gönen","TR.IP.GO",NA,"","District","District","",""
421,235,"TUR","Turkey",39,"Isparta",421,"Gelendost","TR.IP.GE",NA,"","District","District","",""
422,235,"TUR","Turkey",39,"Isparta",422,"Keçiborlu","TR.IP.KE",NA,"","District","District","",""
423,235,"TUR","Turkey",39,"Isparta",423,"Merkez","TR.IP.IP",NA,"","District","District","","Isparta"
424,235,"TUR","Turkey",39,"Isparta",424,"Sütçüler","TR.IP.SU",NA,"","District","District","",""
425,235,"TUR","Turkey",39,"Isparta",425,"Senirkent","TR.IP.SE",NA,"","District","District","",""
426,235,"TUR","Turkey",39,"Isparta",426,"Uluborlu","TR.IP.UL",NA,"","District","District","",""
427,235,"TUR","Turkey",39,"Isparta",427,"Yalvaç","TR.IP.YA",NA,"","District","District","",""
428,235,"TUR","Turkey",39,"Isparta",428,"Yenisarbademli","TR.IP.YS",NA,"","District","District","",""
429,235,"TUR","Turkey",40,"Istanbul",429,"Çatalca","TR.IB.CA",NA,"","District","District","",""
430,235,"TUR","Turkey",40,"Istanbul",430,"Çekmekoy","",NA,"","District","District","",""
431,235,"TUR","Turkey",40,"Istanbul",431,"Adalar","TR.IB.AD",NA,"","District","District","",""
432,235,"TUR","Turkey",40,"Istanbul",432,"Ümraniye","TR.IB.UM",NA,"","District","District","",""
433,235,"TUR","Turkey",40,"Istanbul",433,"Üsküdar","TR.IB.US",NA,"","District","District","",""
434,235,"TUR","Turkey",40,"Istanbul",434,"Arnavutkoy","",NA,"","District","District","",""
435,235,"TUR","Turkey",40,"Istanbul",435,"Atasehir","",NA,"","District","District","",""
436,235,"TUR","Turkey",40,"Istanbul",436,"Avcilar","TR.IB.AV",NA,"","District","District","",""
437,235,"TUR","Turkey",40,"Istanbul",437,"Sisli","TR.IB.SI",NA,"","District","District","",""
438,235,"TUR","Turkey",40,"Istanbul",438,"Sile","TR.IB.SL",NA,"","District","District","",""
439,235,"TUR","Turkey",40,"Istanbul",439,"Büyükçekmece","TR.IB.BU",NA,"","District","District","",""
440,235,"TUR","Turkey",40,"Istanbul",440,"Bagcilar","TR.IB.BA",NA,"","District","District","",""
441,235,"TUR","Turkey",40,"Istanbul",441,"Bahçelievler","TR.IB.BC",NA,"","District","District","",""
442,235,"TUR","Turkey",40,"Istanbul",442,"Bakirköy","TR.IB.BK",NA,"","District","District","",""
443,235,"TUR","Turkey",40,"Istanbul",443,"Basaksehir","",NA,"","District","District","",""
444,235,"TUR","Turkey",40,"Istanbul",444,"Bayrampasa","TR.IB.BP",NA,"","District","District","",""
445,235,"TUR","Turkey",40,"Istanbul",445,"Besiktas","TR.IB.BE",NA,"","District","District","",""
446,235,"TUR","Turkey",40,"Istanbul",446,"Beykoz","TR.IB.BY",NA,"","District","District","",""
447,235,"TUR","Turkey",40,"Istanbul",447,"Beylikduzu","",NA,"","District","District","",""
448,235,"TUR","Turkey",40,"Istanbul",448,"Beyoglu","TR.IB.BG",NA,"","District","District","",""
449,235,"TUR","Turkey",40,"Istanbul",449,"Esenler","TR.IB.ES",NA,"","District","District","",""
450,235,"TUR","Turkey",40,"Istanbul",450,"Esenyurt","",NA,"","District","District","",""
451,235,"TUR","Turkey",40,"Istanbul",451,"Eyüp","TR.IB.EY",NA,"","District","District","",""
452,235,"TUR","Turkey",40,"Istanbul",452,"Fatih","TR.IB.FA",NA,"","District","District","",""
453,235,"TUR","Turkey",40,"Istanbul",453,"Güngören","TR.IB.GU",NA,"","District","District","",""
454,235,"TUR","Turkey",40,"Istanbul",454,"Gaziosmanpasa","TR.IB.GA",NA,"","District","District","",""
455,235,"TUR","Turkey",40,"Istanbul",455,"Küçükçekmece","TR.IB.KU",NA,"","District","District","",""
456,235,"TUR","Turkey",40,"Istanbul",456,"Kagithane","TR.IB.KG",NA,"","District","District","",""
457,235,"TUR","Turkey",40,"Istanbul",457,"Kadiköy","TR.IB.KD",NA,"","District","District","",""
458,235,"TUR","Turkey",40,"Istanbul",458,"Kartal","TR.IB.KT",NA,"","District","District","",""
459,235,"TUR","Turkey",40,"Istanbul",459,"Maltepe","TR.IB.MA",NA,"","District","District","",""
460,235,"TUR","Turkey",40,"Istanbul",460,"Pendik","TR.IB.PE",NA,"","District","District","",""
461,235,"TUR","Turkey",40,"Istanbul",461,"Sancaktepe","",NA,"","District","District","",""
462,235,"TUR","Turkey",40,"Istanbul",462,"Sariyer","TR.IB.SA",NA,"","District","District","",""
463,235,"TUR","Turkey",40,"Istanbul",463,"Sultanbeyli","TR.IB.SB",NA,"","District","District","",""
464,235,"TUR","Turkey",40,"Istanbul",464,"Sultangazi","",NA,"","District","District","",""
465,235,"TUR","Turkey",40,"Istanbul",465,"Tuzla","TR.IB.TU",NA,"","District","District","",""
466,235,"TUR","Turkey",40,"Istanbul",466,"Zeytinburnu","TR.IB.ZE",NA,"","District","District","",""
467,235,"TUR","Turkey",41,"Izmir",467,"Ödemis","TR.IZ.OD",NA,"","District","District","",""
468,235,"TUR","Turkey",41,"Izmir",468,"Çesme","TR.IZ.CE",NA,"","District","District","",""
469,235,"TUR","Turkey",41,"Izmir",469,"Çigli
","TR.IZ.CI",NA,"","District","District","",""
470,235,"TUR","Turkey",41,"Izmir",470,"Aliaga","TR.IZ.AL",NA,"","District","District","",""
471,235,"TUR","Turkey",41,"Izmir",471,"Balçova","TR.IZ.BA",NA,"","District","District","",""
472,235,"TUR","Turkey",41,"Izmir",472,"Bayindir","TR.IZ.BD",NA,"","District","District","",""
473,235,"TUR","Turkey",41,"Izmir",473,"Bergama","TR.IZ.BE",NA,"","District","District","",""
474,235,"TUR","Turkey",41,"Izmir",474,"Beydag","TR.IZ.BG",NA,"","District","District","",""
475,235,"TUR","Turkey",41,"Izmir",475,"Bornova
","TR.IZ.BO",NA,"","District","District","",""
476,235,"TUR","Turkey",41,"Izmir",476,"Buca","TR.IZ.BU",NA,"","District","District","",""
477,235,"TUR","Turkey",41,"Izmir",477,"Dikili","TR.IZ.DI",NA,"","District","District","",""
478,235,"TUR","Turkey",41,"Izmir",478,"Foça","TR.IZ.FO",NA,"","District","District","",""
479,235,"TUR","Turkey",41,"Izmir",479,"Güzelbahçe","TR.IZ.GU",NA,"","District","District","",""
480,235,"TUR","Turkey",41,"Izmir",480,"Gaziemir","TR.IZ.GA",NA,"","District","District","",""
481,235,"TUR","Turkey",41,"Izmir",481,"Kinik","TR.IZ.KI",NA,"","District","District","",""
482,235,"TUR","Turkey",41,"Izmir",482,"Karaburun","TR.IZ.KB",NA,"","District","District","",""
483,235,"TUR","Turkey",41,"Izmir",483,"Karsiyaka","TR.IZ.KA",NA,"","District","District","",""
484,235,"TUR","Turkey",41,"Izmir",484,"Kemalpasa","TR.IZ.KP",NA,"","District","District","",""
485,235,"TUR","Turkey",41,"Izmir",485,"Kiraz","TR.IZ.KR",NA,"","District","District","",""
486,235,"TUR","Turkey",41,"Izmir",486,"Konak","TR.IZ.KO",NA,"","District","District","",""
487,235,"TUR","Turkey",41,"Izmir",487,"Menderes","TR.IZ.MD",NA,"","District","District","",""
488,235,"TUR","Turkey",41,"Izmir",488,"Menemen","TR.IZ.MN",NA,"","District","District","",""
489,235,"TUR","Turkey",41,"Izmir",489,"Narlidere","TR.IZ.NA",NA,"","District","District","",""
490,235,"TUR","Turkey",41,"Izmir",490,"Seferihisar","TR.IZ.SF",NA,"","District","District","",""
491,235,"TUR","Turkey",41,"Izmir",491,"Selçuk","TR.IZ.SC",NA,"","District","District","",""
492,235,"TUR","Turkey",41,"Izmir",492,"Tire","TR.IZ.TI",NA,"","District","District","",""
493,235,"TUR","Turkey",41,"Izmir",493,"Torbali","TR.IZ.TO",NA,"","District","District","",""
494,235,"TUR","Turkey",41,"Izmir",494,"Urla","TR.IZ.UR",NA,"","District","District","",""
495,235,"TUR","Turkey",42,"K. Maras",495,"Çaglayancerit","TR.KM.CA",NA,"","District","District","",""
496,235,"TUR","Turkey",42,"K. Maras",496,"Afsin","TR.KM.AF",NA,"","District","District","",""
497,235,"TUR","Turkey",42,"K. Maras",497,"Andirin","TR.KM.AN",NA,"","District","District","",""
498,235,"TUR","Turkey",42,"K. Maras",498,"Ekinözü","TR.KM.EK",NA,"","District","District","",""
499,235,"TUR","Turkey",42,"K. Maras",499,"Elbistan","TR.KM.EL",NA,"","District","District","",""
500,235,"TUR","Turkey",42,"K. Maras",500,"Göksun","TR.KM.GO",NA,"","District","District","",""
501,235,"TUR","Turkey",42,"K. Maras",501,"Merkez","TR.KM.KM",NA,"","District","District","","Karamanmaras Merkezi"
502,235,"TUR","Turkey",42,"K. Maras",502,"Nurhak","TR.KM.NU",NA,"","District","District","",""
503,235,"TUR","Turkey",42,"K. Maras",503,"Pazarcik","TR.KM.PA",NA,"","District","District","",""
504,235,"TUR","Turkey",42,"K. Maras",504,"Türkoglu","TR.KM.TU",NA,"","District","District","",""
505,235,"TUR","Turkey",43,"Kütahya",505,"Çavdarhisar","TR.KU.CA",NA,"","District","District","",""
506,235,"TUR","Turkey",43,"Kütahya",506,"Altintas","TR.KU.AL",NA,"","District","District","",""
507,235,"TUR","Turkey",43,"Kütahya",507,"Aslanapa","TR.KU.AS",NA,"","District","District","",""
508,235,"TUR","Turkey",43,"Kütahya",508,"Saphane","TR.KU.SA",NA,"","District","District","",""
509,235,"TUR","Turkey",43,"Kütahya",509,"Domaniç","TR.KU.DO",NA,"","District","District","",""
510,235,"TUR","Turkey",43,"Kütahya",510,"Dumlupinar","TR.KU.DU",NA,"","District","District","",""
511,235,"TUR","Turkey",43,"Kütahya",511,"Emet","TR.KU.EM",NA,"","District","District","",""
512,235,"TUR","Turkey",43,"Kütahya",512,"Gediz","TR.KU.GE",NA,"","District","District","",""
513,235,"TUR","Turkey",43,"Kütahya",513,"Hisarcik","TR.KU.HI",NA,"","District","District","",""
514,235,"TUR","Turkey",43,"Kütahya",514,"Merkez","TR.KU.KU",NA,"","District","District","","Kütahya"
515,235,"TUR","Turkey",43,"Kütahya",515,"Pazarlar","TR.KU.PA",NA,"","District","District","",""
516,235,"TUR","Turkey",43,"Kütahya",516,"Simav","TR.KU.SI",NA,"","District","District","",""
517,235,"TUR","Turkey",43,"Kütahya",517,"Tavsanli","TR.KU.TA",NA,"","District","District","",""
518,235,"TUR","Turkey",44,"Karabük",518,"Eflani","TR.KB.EF",NA,"","District","District","",""
519,235,"TUR","Turkey",44,"Karabük",519,"Eskipazar","TR.KB.ES",NA,"","District","District","",""
520,235,"TUR","Turkey",44,"Karabük",520,"Merkez","TR.KB.KB",NA,"","District","District","","Karabük"
521,235,"TUR","Turkey",44,"Karabük",521,"Ovacik","TR.KB.OV",NA,"","District","District","",""
522,235,"TUR","Turkey",44,"Karabük",522,"Safranbolu","TR.KB.SA",NA,"","District","District","",""
523,235,"TUR","Turkey",44,"Karabük",523,"Yenice","TR.KB.YE",NA,"","District","District","",""
524,235,"TUR","Turkey",45,"Karaman",524,"Ayranci","TR.KR.AY",NA,"","District","District","",""
525,235,"TUR","Turkey",45,"Karaman",525,"Basyayla","TR.KR.BA",NA,"","District","District","",""
526,235,"TUR","Turkey",45,"Karaman",526,"Ermenek","TR.KR.ER",NA,"","District","District","",""
527,235,"TUR","Turkey",45,"Karaman",527,"Kazimkarabekir","TR.KR.KA",NA,"","District","District","",""
528,235,"TUR","Turkey",45,"Karaman",528,"Merkez","TR.KR.KR",NA,"","District","District","","Karaman"
529,235,"TUR","Turkey",45,"Karaman",529,"Sariveliler","TR.KR.SA",NA,"","District","District","",""
530,235,"TUR","Turkey",46,"Kars",530,"Akyaka","TR.KA.AK",NA,"","District","District","",""
531,235,"TUR","Turkey",46,"Kars",531,"Arpaçay","TR.KA.AR",NA,"","District","District","",""
532,235,"TUR","Turkey",46,"Kars",532,"Digor","TR.KA.DI",NA,"","District","District","",""
533,235,"TUR","Turkey",46,"Kars",533,"Kagizman","TR.KA.KG",NA,"","District","District","",""
534,235,"TUR","Turkey",46,"Kars",534,"Merkez","TR.KA.KA",NA,"","District","District","","Kars"
535,235,"TUR","Turkey",46,"Kars",535,"Sarikamis","TR.KA.SA",NA,"","District","District","",""
536,235,"TUR","Turkey",46,"Kars",536,"Selim","TR.KA.SE",NA,"","District","District","",""
537,235,"TUR","Turkey",46,"Kars",537,"Susuz","TR.KA.SU",NA,"","District","District","",""
538,235,"TUR","Turkey",47,"Kastamonu",538,"Ihsangazi","TR.KS.IH",NA,"","District","District","",""
539,235,"TUR","Turkey",47,"Kastamonu",539,"Inebolu","TR.KS.IN",NA,"","District","District","",""
540,235,"TUR","Turkey",47,"Kastamonu",540,"Çatalzeytin","TR.KS.CA",NA,"","District","District","",""
541,235,"TUR","Turkey",47,"Kastamonu",541,"Agli","TR.KS.AG",NA,"","District","District","",""
542,235,"TUR","Turkey",47,"Kastamonu",542,"Abana","TR.KS.AB",NA,"","District","District","",""
543,235,"TUR","Turkey",47,"Kastamonu",543,"Araç","TR.KS.AR",NA,"","District","District","",""
544,235,"TUR","Turkey",47,"Kastamonu",544,"Azdavay","TR.KS.AZ",NA,"","District","District","",""
545,235,"TUR","Turkey",47,"Kastamonu",545,"Senpazar","TR.KS.SP",NA,"","District","District","",""
546,235,"TUR","Turkey",47,"Kastamonu",546,"Bozkurt","TR.KS.BO",NA,"","District","District","",""
547,235,"TUR","Turkey",47,"Kastamonu",547,"Cide","TR.KS.CI",NA,"","District","District","",""
548,235,"TUR","Turkey",47,"Kastamonu",548,"Daday","TR.KS.DA",NA,"","District","District","",""
549,235,"TUR","Turkey",47,"Kastamonu",549,"Devrekani","TR.KS.DE",NA,"","District","District","",""
550,235,"TUR","Turkey",47,"Kastamonu",550,"Doganyurt","TR.KS.DO",NA,"","District","District","",""
551,235,"TUR","Turkey",47,"Kastamonu",551,"Hanönü","TR.KS.HA",NA,"","District","District","",""
552,235,"TUR","Turkey",47,"Kastamonu",552,"Küre","TR.KS.KU",NA,"","District","District","",""
553,235,"TUR","Turkey",47,"Kastamonu",553,"Merkez","TR.KS.KS",NA,"","District","District","","Kastamonu"
554,235,"TUR","Turkey",47,"Kastamonu",554,"Pinarbasi","TR.KS.PI",NA,"","District","District","",""
555,235,"TUR","Turkey",47,"Kastamonu",555,"Seydiler","TR.KS.SD",NA,"","District","District","",""
556,235,"TUR","Turkey",47,"Kastamonu",556,"Tasköprü","TR.KS.TA",NA,"","District","District","",""
557,235,"TUR","Turkey",47,"Kastamonu",557,"Tosya","TR.KS.TO",NA,"","District","District","",""
558,235,"TUR","Turkey",48,"Kayseri",558,"Özvatan","TR.KY.OZ",NA,"","District","District","",""
559,235,"TUR","Turkey",48,"Kayseri",559,"Incesu","TR.KY.IN",NA,"","District","District","",""
560,235,"TUR","Turkey",48,"Kayseri",560,"Akkisla","TR.KY.AK",NA,"","District","District","",""
561,235,"TUR","Turkey",48,"Kayseri",561,"Bünyan","TR.KY.BU",NA,"","District","District","",""
562,235,"TUR","Turkey",48,"Kayseri",562,"Develi","TR.KY.DE",NA,"","District","District","",""
563,235,"TUR","Turkey",48,"Kayseri",563,"Felahiye","TR.KY.FE",NA,"","District","District","",""
564,235,"TUR","Turkey",48,"Kayseri",564,"Hacilar","TR.KY.HA",NA,"","District","District","",""
565,235,"TUR","Turkey",48,"Kayseri",565,"Kocasinan","TR.KY.KK",NA,"","District","District","",""
566,235,"TUR","Turkey",48,"Kayseri",566,"Melikgazi","TR.KY.KM",NA,"","District","District","",""
567,235,"TUR","Turkey",48,"Kayseri",567,"Pinarbasi
","TR.KY.PI",NA,"","District","District","",""
568,235,"TUR","Turkey",48,"Kayseri",568,"Sarioglan","TR.KY.SG",NA,"","District","District","",""
569,235,"TUR","Turkey",48,"Kayseri",569,"Sariz","TR.KY.SR",NA,"","District","District","",""
570,235,"TUR","Turkey",48,"Kayseri",570,"Talas","TR.KY.TA",NA,"","District","District","",""
571,235,"TUR","Turkey",48,"Kayseri",571,"Tomarza","TR.KY.TO",NA,"","District","District","",""
572,235,"TUR","Turkey",48,"Kayseri",572,"Yahyali","TR.KY.YA",NA,"","District","District","",""
573,235,"TUR","Turkey",48,"Kayseri",573,"Yesilhisar","TR.KY.YE",NA,"","District","District","",""
574,235,"TUR","Turkey",49,"Kilis",574,"Elbeyli","TR.KI.EL",NA,"","District","District","",""
575,235,"TUR","Turkey",49,"Kilis",575,"Merkez","TR.KI.KI",NA,"","District","District","","Kilis"
576,235,"TUR","Turkey",49,"Kilis",576,"Musabeyli","TR.KI.MU",NA,"","District","District","",""
577,235,"TUR","Turkey",49,"Kilis",577,"Polateli","TR.KI.PO",NA,"","District","District","",""
578,235,"TUR","Turkey",50,"Kinkkale",578,"Çelebi","TR.KK.CE",NA,"","District","District","",""
579,235,"TUR","Turkey",50,"Kinkkale",579,"Bahsili","TR.KK.BH",NA,"","District","District","",""
580,235,"TUR","Turkey",50,"Kinkkale",580,"Baliseyh","TR.KK.BL",NA,"","District","District","",""
581,235,"TUR","Turkey",50,"Kinkkale",581,"Delice","TR.KK.DE",NA,"","District","District","",""
582,235,"TUR","Turkey",50,"Kinkkale",582,"Karakeçili","TR.KK.KA",NA,"","District","District","",""
583,235,"TUR","Turkey",50,"Kinkkale",583,"Keskin","TR.KK.KE",NA,"","District","District","",""
584,235,"TUR","Turkey",50,"Kinkkale",584,"Merkez
","TR.KK.KK",NA,"","District","District","","Kirikkale"
585,235,"TUR","Turkey",50,"Kinkkale",585,"Sulakyurt","TR.KK.SU",NA,"","District","District","",""
586,235,"TUR","Turkey",50,"Kinkkale",586,"Yahsihan","TR.KK.YA",NA,"","District","District","",""
587,235,"TUR","Turkey",51,"Kirklareli",587,"Babaeski","TR.KL.BA",NA,"","District","District","",""
588,235,"TUR","Turkey",51,"Kirklareli",588,"Demirköy","TR.KL.DE",NA,"","District","District","",""
589,235,"TUR","Turkey",51,"Kirklareli",589,"Kofçaz","TR.KL.KO",NA,"","District","District","",""
590,235,"TUR","Turkey",51,"Kirklareli",590,"Lüleburgaz","TR.KL.LU",NA,"","District","District","",""
591,235,"TUR","Turkey",51,"Kirklareli",591,"Merkez","TR.KL.KL",NA,"","District","District","","Kirklareli"
592,235,"TUR","Turkey",51,"Kirklareli",592,"Pinarhisar","TR.KL.PI",NA,"","District","District","",""
593,235,"TUR","Turkey",51,"Kirklareli",593,"Pehlivanköy","TR.KL.PE",NA,"","District","District","",""
594,235,"TUR","Turkey",51,"Kirklareli",594,"Vize","TR.KL.VI",NA,"","District","District","",""
595,235,"TUR","Turkey",52,"Kirsehir",595,"Çiçekdagi","TR.KH.CI",NA,"","District","District","",""
596,235,"TUR","Turkey",52,"Kirsehir",596,"Akçakent","TR.KH.AC",NA,"","District","District","",""
597,235,"TUR","Turkey",52,"Kirsehir",597,"Akpinar","TR.KH.AP",NA,"","District","District","",""
598,235,"TUR","Turkey",52,"Kirsehir",598,"Boztepe","TR.KH.BO",NA,"","District","District","",""
599,235,"TUR","Turkey",52,"Kirsehir",599,"Kaman","TR.KH.KA",NA,"","District","District","",""
600,235,"TUR","Turkey",52,"Kirsehir",600,"Merkez","TR.KH.KH",NA,"","District","District","","Kirsehir"
601,235,"TUR","Turkey",52,"Kirsehir",601,"Mucur","TR.KH.MU",NA,"","District","District","",""
602,235,"TUR","Turkey",53,"Kocaeli",602,"Derince","TR.KC.DE",NA,"","District","District","",""
603,235,"TUR","Turkey",53,"Kocaeli",603,"Gölcük","TR.KC.GO",NA,"","District","District","",""
604,235,"TUR","Turkey",53,"Kocaeli",604,"Gebze","TR.KC.GE",NA,"","District","District","",""
605,235,"TUR","Turkey",53,"Kocaeli",605,"Körfez","TR.KC.KO",NA,"","District","District","",""
606,235,"TUR","Turkey",53,"Kocaeli",606,"Kandira","TR.KC.KD",NA,"","District","District","",""
607,235,"TUR","Turkey",53,"Kocaeli",607,"Karamürsel","TR.KC.KM",NA,"","District","District","",""
608,235,"TUR","Turkey",53,"Kocaeli",608,"Merkez","TR.KC.KC",NA,"","District","District","","Kocaeli Merkezi
"
609,235,"TUR","Turkey",54,"Konya",609,"Çeltik","TR.KO.CE",NA,"","District","District","",""
610,235,"TUR","Turkey",54,"Konya",610,"Çumra","TR.KO.CU",NA,"","District","District","",""
611,235,"TUR","Turkey",54,"Konya",611,"Ahirli","TR.KO.AH",NA,"","District","District","",""
612,235,"TUR","Turkey",54,"Konya",612,"Akören","TR.KO.AK",NA,"","District","District","",""
613,235,"TUR","Turkey",54,"Konya",613,"Aksehir","TR.KO.AS",NA,"","District","District","",""
614,235,"TUR","Turkey",54,"Konya",614,"Altinekin","TR.KO.AT",NA,"","District","District","",""
615,235,"TUR","Turkey",54,"Konya",615,"Beysehir","TR.KO.BE",NA,"","District","District","",""
616,235,"TUR","Turkey",54,"Konya",616,"Bozkir","TR.KO.BO",NA,"","District","District","",""
617,235,"TUR","Turkey",54,"Konya",617,"Cihanbeyli","TR.KO.CI",NA,"","District","District","",""
618,235,"TUR","Turkey",54,"Konya",618,"Derbent","TR.KO.DB",NA,"","District","District","",""
619,235,"TUR","Turkey",54,"Konya",619,"Derebucak","TR.KO.DE",NA,"","District","District","",""
620,235,"TUR","Turkey",54,"Konya",620,"Doganhisar","TR.KO.DO",NA,"","District","District","",""
621,235,"TUR","Turkey",54,"Konya",621,"Emirgazi","TR.KO.EM",NA,"","District","District","",""
622,235,"TUR","Turkey",54,"Konya",622,"Eregli","TR.KO.ER",NA,"","District","District","",""
623,235,"TUR","Turkey",54,"Konya",623,"Güneysinir","TR.KO.GU",NA,"","District","District","",""
624,235,"TUR","Turkey",54,"Konya",624,"Hüyük","TR.KO.HU",NA,"","District","District","",""
625,235,"TUR","Turkey",54,"Konya",625,"Hadim","TR.KO.HD",NA,"","District","District","",""
626,235,"TUR","Turkey",54,"Konya",626,"Halkapinar","TR.KO.HK",NA,"","District","District","",""
627,235,"TUR","Turkey",54,"Konya",627,"Ilgin","TR.KO.IL",NA,"","District","District","",""
628,235,"TUR","Turkey",54,"Konya",628,"Kadinhani","TR.KO.KD",NA,"","District","District","",""
629,235,"TUR","Turkey",54,"Konya",629,"Karapinar","TR.KO.KP",NA,"","District","District","",""
630,235,"TUR","Turkey",54,"Konya",630,"Karatay","TR.KO.KK",NA,"","District","District","",""
631,235,"TUR","Turkey",54,"Konya",631,"Kulu","TR.KO.KU",NA,"","District","District","",""
632,235,"TUR","Turkey",54,"Konya",632,"Meram","TR.KO.KM",NA,"","District","District","",""
633,235,"TUR","Turkey",54,"Konya",633,"Sarayönü","TR.KO.SA",NA,"","District","District","",""
634,235,"TUR","Turkey",54,"Konya",634,"Selçuklu","TR.KO.KS",NA,"","District","District","",""
635,235,"TUR","Turkey",54,"Konya",635,"Seydisehir","TR.KO.SE",NA,"","District","District","",""
636,235,"TUR","Turkey",54,"Konya",636,"Taskent","TR.KO.TA",NA,"","District","District","",""
637,235,"TUR","Turkey",54,"Konya",637,"Tuzlukçu","TR.KO.TU",NA,"","District","District","",""
638,235,"TUR","Turkey",54,"Konya",638,"Yalihüyük","TR.KO.YA",NA,"","District","District","",""
639,235,"TUR","Turkey",54,"Konya",639,"Yunak","TR.KO.YU",NA,"","District","District","",""
640,235,"TUR","Turkey",55,"Malatya",640,"Akçadag","TR.ML.AK",NA,"","District","District","",""
641,235,"TUR","Turkey",55,"Malatya",641,"Arapkir","TR.ML.AP",NA,"","District","District","",""
642,235,"TUR","Turkey",55,"Malatya",642,"Arguvan
","TR.ML.AV",NA,"","District","District","",""
643,235,"TUR","Turkey",55,"Malatya",643,"Battalgazi","TR.ML.BA",NA,"","District","District","",""
644,235,"TUR","Turkey",55,"Malatya",644,"Darende","TR.ML.DA",NA,"","District","District","",""
645,235,"TUR","Turkey",55,"Malatya",645,"Dogansehir","TR.ML.DS",NA,"","District","District","",""
646,235,"TUR","Turkey",55,"Malatya",646,"Doganyol","TR.ML.DY",NA,"","District","District","",""
647,235,"TUR","Turkey",55,"Malatya",647,"Hekimhan","TR.ML.HE",NA,"","District","District","",""
648,235,"TUR","Turkey",55,"Malatya",648,"Kale","TR.ML.KA",NA,"","District","District","",""
649,235,"TUR","Turkey",55,"Malatya",649,"Kuluncak","TR.ML.KU",NA,"","District","District","",""
650,235,"TUR","Turkey",55,"Malatya",650,"Merkez","TR.ML.ML",NA,"","District","District","","Malatya Merkezi"
651,235,"TUR","Turkey",55,"Malatya",651,"Pötürge","TR.ML.PO",NA,"","District","District","",""
652,235,"TUR","Turkey",55,"Malatya",652,"Yazihan","TR.ML.YA",NA,"","District","District","",""
653,235,"TUR","Turkey",55,"Malatya",653,"Yesilyurt","TR.ML.YE",NA,"","District","District","",""
654,235,"TUR","Turkey",56,"Manisa",654,"Ahmetli","TR.MN.AH",NA,"","District","District","",""
655,235,"TUR","Turkey",56,"Manisa",655,"Akhisar","TR.MN.AK",NA,"","District","District","",""
656,235,"TUR","Turkey",56,"Manisa",656,"Alasehir","TR.MN.AL",NA,"","District","District","",""
657,235,"TUR","Turkey",56,"Manisa",657,"Demirci","TR.MN.DE",NA,"","District","District","",""
658,235,"TUR","Turkey",56,"Manisa",658,"Gölmarmara","TR.MN.GM",NA,"","District","District","",""
659,235,"TUR","Turkey",56,"Manisa",659,"Gördes","TR.MN.GR",NA,"","District","District","",""
660,235,"TUR","Turkey",56,"Manisa",660,"Kirkagaç","TR.MN.KI",NA,"","District","District","",""
661,235,"TUR","Turkey",56,"Manisa",661,"Köprübasi","TR.MN.KO",NA,"","District","District","",""
662,235,"TUR","Turkey",56,"Manisa",662,"Kula","TR.MN.KU",NA,"","District","District","",""
663,235,"TUR","Turkey",56,"Manisa",663,"Merkez","TR.MN.MN",NA,"","District","District","","Manisa Merkezi
 Merkezi"
664,235,"TUR","Turkey",56,"Manisa",664,"Salihli","TR.MN.SL",NA,"","District","District","",""
665,235,"TUR","Turkey",56,"Manisa",665,"Sarigöl","TR.MN.SG",NA,"","District","District","",""
666,235,"TUR","Turkey",56,"Manisa",666,"Saruhanli","TR.MN.SH",NA,"","District","District","",""
667,235,"TUR","Turkey",56,"Manisa",667,"Selendi","TR.MN.SE",NA,"","District","District","",""
668,235,"TUR","Turkey",56,"Manisa",668,"Soma","TR.MN.SO",NA,"","District","District","",""
669,235,"TUR","Turkey",56,"Manisa",669,"Turgutlu","TR.MN.TU",NA,"","District","District","",""
670,235,"TUR","Turkey",57,"Mardin",670,"Ömerli","TR.MR.OM",NA,"","District","District","",""
671,235,"TUR","Turkey",57,"Mardin",671,"Dargeçit","TR.MR.DA",NA,"","District","District","",""
672,235,"TUR","Turkey",57,"Mardin",672,"Derik","TR.MR.DE",NA,"","District","District","",""
673,235,"TUR","Turkey",57,"Mardin",673,"Kiziltepe","TR.MR.KI",NA,"","District","District","",""
674,235,"TUR","Turkey",57,"Mardin",674,"Mazidagi","TR.MR.MA",NA,"","District","District","",""
675,235,"TUR","Turkey",57,"Mardin",675,"Merkez
","TR.MR.MR",NA,"","District","District","","Mardin Merkez"
676,235,"TUR","Turkey",57,"Mardin",676,"Midyat","TR.MR.MI",NA,"","District","District","",""
677,235,"TUR","Turkey",57,"Mardin",677,"Nusaybin","TR.MR.NU",NA,"","District","District","",""
678,235,"TUR","Turkey",57,"Mardin",678,"Savur","TR.MR.SA",NA,"","District","District","",""
679,235,"TUR","Turkey",57,"Mardin",679,"Yesilli","TR.MR.YE",NA,"","District","District","",""
680,235,"TUR","Turkey",58,"Mersin",680,"Çamliyayla","TR.IC.CA",NA,"","District","District","",""
681,235,"TUR","Turkey",58,"Mersin",681,"Anamur","TR.IC.AN",NA,"","District","District","",""
682,235,"TUR","Turkey",58,"Mersin",682,"Aydincik","TR.IC.AY",NA,"","District","District","",""
683,235,"TUR","Turkey",58,"Mersin",683,"Bozyazi","TR.IC.BO",NA,"","District","District","",""
684,235,"TUR","Turkey",58,"Mersin",684,"Erdemli","TR.IC.ER",NA,"","District","District","",""
685,235,"TUR","Turkey",58,"Mersin",685,"Gülnar","TR.IC.GU",NA,"","District","District","",""
686,235,"TUR","Turkey",58,"Mersin",686,"Merkez","TR.IC.IC",NA,"","District","District","","Mersin Merkezi"
687,235,"TUR","Turkey",58,"Mersin",687,"Mut","TR.IC.MU",NA,"","District","District","",""
688,235,"TUR","Turkey",58,"Mersin",688,"Silifke","TR.IC.SI",NA,"","District","District","",""
689,235,"TUR","Turkey",58,"Mersin",689,"Tarsus","TR.IC.TA",NA,"","District","District","",""
690,235,"TUR","Turkey",59,"Mugla",690,"Bodrum","TR.MG.BO",NA,"","District","District","",""
691,235,"TUR","Turkey",59,"Mugla",691,"Dalaman","TR.MG.DL",NA,"","District","District","",""
692,235,"TUR","Turkey",59,"Mugla",692,"Datça","TR.MG.DT",NA,"","District","District","",""
693,235,"TUR","Turkey",59,"Mugla",693,"Fethiye","TR.MG.FE",NA,"","District","District","",""
694,235,"TUR","Turkey",59,"Mugla",694,"Köycegiz","TR.MG.KO",NA,"","District","District","",""
695,235,"TUR","Turkey",59,"Mugla",695,"Kavaklidere","TR.MG.KA",NA,"","District","District","",""
696,235,"TUR","Turkey",59,"Mugla",696,"Marmaris","TR.MG.MA",NA,"","District","District","",""
697,235,"TUR","Turkey",59,"Mugla",697,"Merkez","TR.MG.MG",NA,"","District","District","","Mugla Merkezi"
698,235,"TUR","Turkey",59,"Mugla",698,"Milas","TR.MG.MI",NA,"","District","District","",""
699,235,"TUR","Turkey",59,"Mugla",699,"Ortaca","TR.MG.OR",NA,"","District","District","",""
700,235,"TUR","Turkey",59,"Mugla",700,"Ula","TR.MG.UL",NA,"","District","District","",""
701,235,"TUR","Turkey",59,"Mugla",701,"Yatagan","TR.MG.YA",NA,"","District","District","",""
702,235,"TUR","Turkey",60,"Mus",702,"Bulanik","TR.MS.BU",NA,"","District","District","",""
703,235,"TUR","Turkey",60,"Mus",703,"Hasköy","TR.MS.HA",NA,"","District","District","",""
704,235,"TUR","Turkey",60,"Mus",704,"Korkut","TR.MS.KO",NA,"","District","District","",""
705,235,"TUR","Turkey",60,"Mus",705,"Malazgirt","TR.MS.MA",NA,"","District","District","",""
706,235,"TUR","Turkey",60,"Mus",706,"Merkez","TR.MS.MS",NA,"","District","District","","Mus"
707,235,"TUR","Turkey",60,"Mus",707,"Varto","TR.MS.VA",NA,"","District","District","",""
708,235,"TUR","Turkey",61,"Nevsehir",708,"Acigöl","TR.NV.AC",NA,"","District","District","",""
709,235,"TUR","Turkey",61,"Nevsehir",709,"Ürgüp","TR.NV.UR",NA,"","District","District","",""
710,235,"TUR","Turkey",61,"Nevsehir",710,"Avanos
","TR.NV.AV",NA,"","District","District","",""
711,235,"TUR","Turkey",61,"Nevsehir",711,"Derinkuyu","TR.NV.DE",NA,"","District","District","",""
712,235,"TUR","Turkey",61,"Nevsehir",712,"Gülsehir","TR.NV.GU",NA,"","District","District","",""
713,235,"TUR","Turkey",61,"Nevsehir",713,"Hacibektas","TR.NV.HA",NA,"","District","District","",""
714,235,"TUR","Turkey",61,"Nevsehir",714,"Kozakli","TR.NV.KO",NA,"","District","District","",""
715,235,"TUR","Turkey",61,"Nevsehir",715,"Merkez","TR.NV.NV",NA,"","District","District","","Nevsehir"
716,235,"TUR","Turkey",62,"Nigde",716,"Çamardi","TR.NG.CA",NA,"","District","District","",""
717,235,"TUR","Turkey",62,"Nigde",717,"Çiftlik","TR.NG.CI",NA,"","District","District","",""
718,235,"TUR","Turkey",62,"Nigde",718,"Altunhisar","TR.NG.AL",NA,"","District","District","",""
719,235,"TUR","Turkey",62,"Nigde",719,"Bor","TR.NG.BO",NA,"","District","District","",""
720,235,"TUR","Turkey",62,"Nigde",720,"Merkez","TR.NG.NG",NA,"","District","District","","Nigde"
721,235,"TUR","Turkey",62,"Nigde",721,"Ulukisla","TR.NG.UL",NA,"","District","District","",""
722,235,"TUR","Turkey",63,"Ordu",722,"Ikizce","TR.OR.IK",NA,"","District","District","",""
723,235,"TUR","Turkey",63,"Ordu",723,"Çamas","TR.OR.CM",NA,"","District","District","",""
724,235,"TUR","Turkey",63,"Ordu",724,"Çaybasi","TR.OR.CY",NA,"","District","District","",""
725,235,"TUR","Turkey",63,"Ordu",725,"Akkus","TR.OR.AK",NA,"","District","District","",""
726,235,"TUR","Turkey",63,"Ordu",726,"Ünye","TR.OR.UN",NA,"","District","District","",""
727,235,"TUR","Turkey",63,"Ordu",727,"Aybasti","TR.OR.AY",NA,"","District","District","",""
728,235,"TUR","Turkey",63,"Ordu",728,"Fatsa","TR.OR.FA",NA,"","District","District","",""
729,235,"TUR","Turkey",63,"Ordu",729,"Gölköy","TR.OR.GO",NA,"","District","District","",""
730,235,"TUR","Turkey",63,"Ordu",730,"Gülyali","TR.OR.GL",NA,"","District","District","",""
731,235,"TUR","Turkey",63,"Ordu",731,"Gürgentepe","TR.OR.GT",NA,"","District","District","",""
732,235,"TUR","Turkey",63,"Ordu",732,"Kabadüz","TR.OR.KD",NA,"","District","District","",""
733,235,"TUR","Turkey",63,"Ordu",733,"Kabatas","TR.OR.KT",NA,"","District","District","",""
734,235,"TUR","Turkey",63,"Ordu",734,"Korgan","TR.OR.KO",NA,"","District","District","",""
735,235,"TUR","Turkey",63,"Ordu",735,"Kumru","TR.OR.KU",NA,"","District","District","",""
736,235,"TUR","Turkey",63,"Ordu",736,"Merkez","TR.OR.OR",NA,"","District","District","","Odu Merkez"
737,235,"TUR","Turkey",63,"Ordu",737,"Mesudiye","TR.OR.ME",NA,"","District","District","",""
738,235,"TUR","Turkey",63,"Ordu",738,"Persembe","TR.OR.PE",NA,"","District","District","",""
739,235,"TUR","Turkey",63,"Ordu",739,"Ulubey","TR.OR.UL",NA,"","District","District","",""
740,235,"TUR","Turkey",64,"Osmaniye",740,"Bahçe","TR.OS.BA",NA,"","District","District","",""
741,235,"TUR","Turkey",64,"Osmaniye",741,"Düziçi","TR.OS.DU",NA,"","District","District","",""
742,235,"TUR","Turkey",64,"Osmaniye",742,"Hasanbeyli","TR.OS.HA",NA,"","District","District","",""
743,235,"TUR","Turkey",64,"Osmaniye",743,"Kadirli
","TR.OS.KA",NA,"","District","District","",""
744,235,"TUR","Turkey",64,"Osmaniye",744,"Merkez","TR.OS.OS",NA,"","District","District","","Osmaniye"
745,235,"TUR","Turkey",64,"Osmaniye",745,"Sumbas","TR.OS.SU",NA,"","District","District","",""
746,235,"TUR","Turkey",64,"Osmaniye",746,"Toprakkale","TR.OS.TO",NA,"","District","District","",""
747,235,"TUR","Turkey",65,"Rize",747,"Ikizdere","TR.RI.IK",NA,"","District","District","",""
748,235,"TUR","Turkey",65,"Rize",748,"Iyidere","TR.RI.IY",NA,"","District","District","",""
749,235,"TUR","Turkey",65,"Rize",749,"Çamlihemsin","TR.RI.CH",NA,"","District","District","",""
750,235,"TUR","Turkey",65,"Rize",750,"Çayeli","TR.RI.CL",NA,"","District","District","",""
751,235,"TUR","Turkey",65,"Rize",751,"Ardesen","TR.RI.AR",NA,"","District","District","",""
752,235,"TUR","Turkey",65,"Rize",752,"Derepazari","TR.RI.DE",NA,"","District","District","",""
753,235,"TUR","Turkey",65,"Rize",753,"Findikli","TR.RI.FI",NA,"","District","District","",""
754,235,"TUR","Turkey",65,"Rize",754,"Güneysu","TR.RI.GU",NA,"","District","District","",""
755,235,"TUR","Turkey",65,"Rize",755,"Hemsin","TR.RI.HE",NA,"","District","District","",""
756,235,"TUR","Turkey",65,"Rize",756,"Kalkandere","TR.RI.KA",NA,"","District","District","",""
757,235,"TUR","Turkey",65,"Rize",757,"Merkez","TR.RI.RI",NA,"","District","District","","Rize"
758,235,"TUR","Turkey",65,"Rize",758,"Pazar","TR.RI.PA",NA,"","District","District","",""
759,235,"TUR","Turkey",66,"Sakarya",759,"Akyazi","TR.SK.AK",NA,"","District","District","",""
760,235,"TUR","Turkey",66,"Sakarya",760,"Ferizli","TR.SK.FE",NA,"","District","District","",""
761,235,"TUR","Turkey",66,"Sakarya",761,"Geyve","TR.SK.GE",NA,"","District","District","",""
762,235,"TUR","Turkey",66,"Sakarya",762,"Hendek","TR.SK.HE",NA,"","District","District","",""
763,235,"TUR","Turkey",66,"Sakarya",763,"Karapürçek","TR.SK.KP",NA,"","District","District","",""
764,235,"TUR","Turkey",66,"Sakarya",764,"Karasu","TR.SK.KR",NA,"","District","District","",""
765,235,"TUR","Turkey",66,"Sakarya",765,"Kaynarca","TR.SK.KN",NA,"","District","District","",""
766,235,"TUR","Turkey",66,"Sakarya",766,"Kocaali","TR.SK.KO",NA,"","District","District","",""
767,235,"TUR","Turkey",66,"Sakarya",767,"Merkez","TR.SK.SK",NA,"","District","District","","Sakarya Merkezi"
768,235,"TUR","Turkey",66,"Sakarya",768,"Pamukova","TR.SK.PA",NA,"","District","District","",""
769,235,"TUR","Turkey",66,"Sakarya",769,"Sögütlü","TR.SK.SO",NA,"","District","District","",""
770,235,"TUR","Turkey",66,"Sakarya",770,"Sapanca","TR.SK.SA",NA,"","District","District","",""
771,235,"TUR","Turkey",66,"Sakarya",771,"Tarakli","TR.SK.TA",NA,"","District","District","",""
772,235,"TUR","Turkey",67,"Samsun",772,"Çarsamba","TR.SS.CA",NA,"","District","District","",""
773,235,"TUR","Turkey",67,"Samsun",773,"Alaçam","TR.SS.AL",NA,"","District","District","",""
774,235,"TUR","Turkey",67,"Samsun",774,"Asarcik","TR.SS.AS",NA,"","District","District","",""
775,235,"TUR","Turkey",67,"Samsun",775,"Ayvacik","TR.SS.AY",NA,"","District","District","",""
776,235,"TUR","Turkey",67,"Samsun",776,"Bafra","TR.SS.BA",NA,"","District","District","",""
777,235,"TUR","Turkey",67,"Samsun",777,"Havza","TR.SS.HA",NA,"","District","District","",""
778,235,"TUR","Turkey",67,"Samsun",778,"Kavak","TR.SS.KA",NA,"","District","District","",""
779,235,"TUR","Turkey",67,"Samsun",779,"Ladik","TR.SS.LA",NA,"","District","District","",""
780,235,"TUR","Turkey",67,"Samsun",780,"Merkez","TR.SS.SS",NA,"","District","District","","Samsun Merkezi
 Merkezi
"
781,235,"TUR","Turkey",67,"Samsun",781,"Ondokuz Mayis","TR.SS.MA",NA,"","District","District","",""
782,235,"TUR","Turkey",67,"Samsun",782,"Salipazari","TR.SS.SA",NA,"","District","District","",""
783,235,"TUR","Turkey",67,"Samsun",783,"Tekkeköy","TR.SS.TK",NA,"","District","District","",""
784,235,"TUR","Turkey",67,"Samsun",784,"Terme","TR.SS.TM",NA,"","District","District","",""
785,235,"TUR","Turkey",67,"Samsun",785,"Vezirköprü
","TR.SS.VE",NA,"","District","District","",""
786,235,"TUR","Turkey",67,"Samsun",786,"Yakakent","TR.SS.YA",NA,"","District","District","",""
787,235,"TUR","Turkey",68,"Sanliurfa",787,"Akçakale
","TR.SU.AK",NA,"","District","District","",""
788,235,"TUR","Turkey",68,"Sanliurfa",788,"Birecik","TR.SU.BI",NA,"","District","District","",""
789,235,"TUR","Turkey",68,"Sanliurfa",789,"Bozova","TR.SU.BO",NA,"","District","District","",""
790,235,"TUR","Turkey",68,"Sanliurfa",790,"Ceylanpinar","TR.SU.CE",NA,"","District","District","",""
791,235,"TUR","Turkey",68,"Sanliurfa",791,"Halfeti","TR.SU.HF",NA,"","District","District","",""
792,235,"TUR","Turkey",68,"Sanliurfa",792,"Harran","TR.SU.HR",NA,"","District","District","",""
793,235,"TUR","Turkey",68,"Sanliurfa",793,"Hilvan","TR.SU.HI",NA,"","District","District","",""
794,235,"TUR","Turkey",68,"Sanliurfa",794,"Merkez","TR.SU.SU",NA,"","District","District","","Sanhufra Merkezi"
795,235,"TUR","Turkey",68,"Sanliurfa",795,"Siverek","TR.SU.SI",NA,"","District","District","",""
796,235,"TUR","Turkey",68,"Sanliurfa",796,"Suruç","TR.SU.SC",NA,"","District","District","",""
797,235,"TUR","Turkey",68,"Sanliurfa",797,"Viransehir","TR.SU.VI",NA,"","District","District","",""
798,235,"TUR","Turkey",69,"Siirt",798,"Aydinlar","TR.SI.AY",NA,"","District","District","",""
799,235,"TUR","Turkey",69,"Siirt",799,"Sirvan","TR.SI.SV",NA,"","District","District","",""
800,235,"TUR","Turkey",69,"Siirt",800,"Baykan","TR.SI.BA",NA,"","District","District","",""
801,235,"TUR","Turkey",69,"Siirt",801,"Eruh","TR.SI.ER",NA,"","District","District","",""
802,235,"TUR","Turkey",69,"Siirt",802,"Kurtalan","TR.SI.KU",NA,"","District","District","",""
803,235,"TUR","Turkey",69,"Siirt",803,"Merkez","TR.SI.SI",NA,"","District","District","","Siirt"
804,235,"TUR","Turkey",69,"Siirt",804,"Pervari","TR.SI.PE",NA,"","District","District","",""
805,235,"TUR","Turkey",70,"Sinop",805,"Ayancik","TR.SP.AY",NA,"","District","District","",""
806,235,"TUR","Turkey",70,"Sinop",806,"Boyabat","TR.SP.BO",NA,"","District","District","",""
807,235,"TUR","Turkey",70,"Sinop",807,"Dikmen","TR.SP.DI",NA,"","District","District","",""
808,235,"TUR","Turkey",70,"Sinop",808,"Duragan","TR.SP.DU",NA,"","District","District","",""
809,235,"TUR","Turkey",70,"Sinop",809,"Erfelek","TR.SP.ER",NA,"","District","District","",""
810,235,"TUR","Turkey",70,"Sinop",810,"Gerze","TR.SP.GE",NA,"","District","District","",""
811,235,"TUR","Turkey",70,"Sinop",811,"Merkez","TR.SP.SP",NA,"","District","District","","Sinop"
812,235,"TUR","Turkey",70,"Sinop",812,"Saraydüzü","TR.SP.SA",NA,"","District","District","",""
813,235,"TUR","Turkey",70,"Sinop",813,"Türkeli","TR.SP.TU",NA,"","District","District","",""
814,235,"TUR","Turkey",71,"Sirnak",814,"Idil","TR.SR.ID",NA,"","District","District","",""
815,235,"TUR","Turkey",71,"Sirnak",815,"Beytüssebap","TR.SR.BE",NA,"","District","District","",""
816,235,"TUR","Turkey",71,"Sirnak",816,"Cizre","TR.SR.CI",NA,"","District","District","",""
817,235,"TUR","Turkey",71,"Sirnak",817,"Güçlükonak","TR.SR.GU",NA,"","District","District","",""
818,235,"TUR","Turkey",71,"Sirnak",818,"Merkez","TR.SR.SR",NA,"","District","District","","Sirnak"
819,235,"TUR","Turkey",71,"Sirnak",819,"Silopi
","TR.SR.SI",NA,"","District","District","",""
820,235,"TUR","Turkey",71,"Sirnak",820,"Uludere","TR.SR.UL",NA,"","District","District","",""
821,235,"TUR","Turkey",72,"Sivas",821,"Imranli","TR.SV.IM",NA,"","District","District","",""
822,235,"TUR","Turkey",72,"Sivas",822,"Akincilar","TR.SV.AK",NA,"","District","District","",""
823,235,"TUR","Turkey",72,"Sivas",823,"Altinyayla","TR.SV.AL",NA,"","District","District","",""
824,235,"TUR","Turkey",72,"Sivas",824,"Sarkisla","TR.SV.SA",NA,"","District","District","",""
825,235,"TUR","Turkey",72,"Sivas",825,"Divrigi","TR.SV.DI",NA,"","District","District","",""
826,235,"TUR","Turkey",72,"Sivas",826,"Dogansar
","TR.SV.DO",NA,"","District","District","",""
827,235,"TUR","Turkey",72,"Sivas",827,"Gölova","TR.SV.GO",NA,"","District","District","",""
828,235,"TUR","Turkey",72,"Sivas",828,"Gürün","TR.SV.GU",NA,"","District","District","",""
829,235,"TUR","Turkey",72,"Sivas",829,"Gemerek","TR.SV.GE",NA,"","District","District","",""
830,235,"TUR","Turkey",72,"Sivas",830,"Hafik","TR.SV.HA",NA,"","District","District","",""
831,235,"TUR","Turkey",72,"Sivas",831,"Kangal","TR.SV.KA",NA,"","District","District","",""
832,235,"TUR","Turkey",72,"Sivas",832,"Koyulhisar","TR.SV.KO",NA,"","District","District","",""
833,235,"TUR","Turkey",72,"Sivas",833,"Merkez","TR.SV.SV",NA,"","District","District","","Sivas Merkezi"
834,235,"TUR","Turkey",72,"Sivas",834,"Susehri","TR.SV.SU",NA,"","District","District","",""
835,235,"TUR","Turkey",72,"Sivas",835,"Ulas","TR.SV.UL",NA,"","District","District","",""
836,235,"TUR","Turkey",72,"Sivas",836,"Yildizeli","TR.SV.YI",NA,"","District","District","",""
837,235,"TUR","Turkey",72,"Sivas",837,"Zara","TR.SV.ZA",NA,"","District","District","",""
838,235,"TUR","Turkey",73,"Tekirdag",838,"Çerkezköy","TR.TG.CE",NA,"","District","District","",""
839,235,"TUR","Turkey",73,"Tekirdag",839,"Çorlu","TR.TG.CO",NA,"","District","District","",""
840,235,"TUR","Turkey",73,"Tekirdag",840,"Sarköy","TR.TG.SK",NA,"","District","District","",""
841,235,"TUR","Turkey",73,"Tekirdag",841,"Hayrabolu","TR.TG.HA",NA,"","District","District","",""
842,235,"TUR","Turkey",73,"Tekirdag",842,"Malkara","TR.TG.MK",NA,"","District","District","",""
843,235,"TUR","Turkey",73,"Tekirdag",843,"Marmaraereglisi","TR.TG.ME",NA,"","District","District","",""
844,235,"TUR","Turkey",73,"Tekirdag",844,"Merkez","TR.TG.TG",NA,"","District","District","","Tekirdag Merkezi"
845,235,"TUR","Turkey",73,"Tekirdag",845,"Muratli","TR.TG.MU",NA,"","District","District","",""
846,235,"TUR","Turkey",73,"Tekirdag",846,"Saray","TR.TG.SR",NA,"","District","District","",""
847,235,"TUR","Turkey",74,"Tokat",847,"Almus","TR.TT.AL",NA,"","District","District","",""
848,235,"TUR","Turkey",74,"Tokat",848,"Artova","TR.TT.AR",NA,"","District","District","",""
849,235,"TUR","Turkey",74,"Tokat",849,"Basçiftlik","TR.TT.BA",NA,"","District","District","",""
850,235,"TUR","Turkey",74,"Tokat",850,"Erbaa","TR.TT.ER",NA,"","District","District","",""
851,235,"TUR","Turkey",74,"Tokat",851,"Merkez
","TR.TT.TT",NA,"","District","District","","Tokat"
852,235,"TUR","Turkey",74,"Tokat",852,"Niksar","TR.TT.NI",NA,"","District","District","",""
853,235,"TUR","Turkey",74,"Tokat",853,"Pazar","TR.TT.PA",NA,"","District","District","",""
854,235,"TUR","Turkey",74,"Tokat",854,"Resadiye","TR.TT.RE",NA,"","District","District","",""
855,235,"TUR","Turkey",74,"Tokat",855,"Sulusaray","TR.TT.SU",NA,"","District","District","",""
856,235,"TUR","Turkey",74,"Tokat",856,"Turhal
","TR.TT.TU",NA,"","District","District","",""
857,235,"TUR","Turkey",74,"Tokat",857,"Yesilyurt","TR.TT.YE",NA,"","District","District","",""
858,235,"TUR","Turkey",74,"Tokat",858,"Zile","TR.TT.ZI",NA,"","District","District","",""
859,235,"TUR","Turkey",75,"Trabzon",859,"Çarsibasi","TR.TB.CB",NA,"","District","District","",""
860,235,"TUR","Turkey",75,"Trabzon",860,"Çaykara","TR.TB.CK",NA,"","District","District","",""
861,235,"TUR","Turkey",75,"Trabzon",861,"Akçaabat","TR.TB.AK",NA,"","District","District","",""
862,235,"TUR","Turkey",75,"Trabzon",862,"Arakli","TR.TB.AR",NA,"","District","District","",""
863,235,"TUR","Turkey",75,"Trabzon",863,"Arsin","TR.TB.AS",NA,"","District","District","",""
864,235,"TUR","Turkey",75,"Trabzon",864,"Salpazari","TR.TB.SA",NA,"","District","District","",""
865,235,"TUR","Turkey",75,"Trabzon",865,"Besikdüzü","TR.TB.BE",NA,"","District","District","",""
866,235,"TUR","Turkey",75,"Trabzon",866,"Düzköy","TR.TB.DU",NA,"","District","District","",""
867,235,"TUR","Turkey",75,"Trabzon",867,"Dernekpazari","TR.TB.DE",NA,"","District","District","",""
868,235,"TUR","Turkey",75,"Trabzon",868,"Hayrat","TR.TB.HA",NA,"","District","District","",""
869,235,"TUR","Turkey",75,"Trabzon",869,"Köprübasi","TR.TB.KO",NA,"","District","District","",""
870,235,"TUR","Turkey",75,"Trabzon",870,"Maçka","TR.TB.MA",NA,"","District","District","",""
871,235,"TUR","Turkey",75,"Trabzon",871,"Merkez","TR.TB.TB",NA,"","District","District","","Trabzon Merkez"
872,235,"TUR","Turkey",75,"Trabzon",872,"Of","TR.TB.OF",NA,"","District","District","",""
873,235,"TUR","Turkey",75,"Trabzon",873,"Sürmene","TR.TB.SU",NA,"","District","District","",""
874,235,"TUR","Turkey",75,"Trabzon",874,"Tonya","TR.TB.TO",NA,"","District","District","",""
875,235,"TUR","Turkey",75,"Trabzon",875,"Vakfikebir","TR.TB.VA",NA,"","District","District","",""
876,235,"TUR","Turkey",75,"Trabzon",876,"Yomra","TR.TB.YO",NA,"","District","District","",""
877,235,"TUR","Turkey",76,"Tunceli",877,"Çemisgezek","TR.TC.CE",NA,"","District","District","",""
878,235,"TUR","Turkey",76,"Tunceli",878,"Hozat
","TR.TC.HO",NA,"","District","District","",""
879,235,"TUR","Turkey",76,"Tunceli",879,"Mazgirt","TR.TC.MA",NA,"","District","District","",""
880,235,"TUR","Turkey",76,"Tunceli",880,"Merkez","TR.TC.TC",NA,"","District","District","","Tunceli"
881,235,"TUR","Turkey",76,"Tunceli",881,"Nazimiye","TR.TC.NA",NA,"","District","District","",""
882,235,"TUR","Turkey",76,"Tunceli",882,"Ovacik","TR.TC.OV",NA,"","District","District","",""
883,235,"TUR","Turkey",76,"Tunceli",883,"Pülümür","TR.TC.PU",NA,"","District","District","",""
884,235,"TUR","Turkey",76,"Tunceli",884,"Pertek","TR.TC.PE",NA,"","District","District","",""
885,235,"TUR","Turkey",77,"Usak",885,"Banaz","TR.US.BA",NA,"","District","District","",""
886,235,"TUR","Turkey",77,"Usak",886,"Esme","TR.US.ES",NA,"","District","District","",""
887,235,"TUR","Turkey",77,"Usak",887,"Karahalli","TR.US.KA",NA,"","District","District","",""
888,235,"TUR","Turkey",77,"Usak",888,"Merkez","TR.US.US",NA,"","District","District","","Usak
"
889,235,"TUR","Turkey",77,"Usak",889,"Sivasli","TR.US.SI",NA,"","District","District","",""
890,235,"TUR","Turkey",77,"Usak",890,"Ulubey","TR.US.UL",NA,"","District","District","",""
891,235,"TUR","Turkey",78,"Van",891,"Özalp","TR.VA.OZ",NA,"","District","District","",""
892,235,"TUR","Turkey",78,"Van",892,"Çaldiran","TR.VA.CD",NA,"","District","District","",""
893,235,"TUR","Turkey",78,"Van",893,"Çatak","TR.VA.CK",NA,"","District","District","",""
894,235,"TUR","Turkey",78,"Van",894,"Baskale","TR.VA.BK",NA,"","District","District","",""
895,235,"TUR","Turkey",78,"Van",895,"Bahçesaray","TR.VA.BC",NA,"","District","District","",""
896,235,"TUR","Turkey",78,"Van",896,"Edremit","TR.VA.ED",NA,"","District","District","",""
897,235,"TUR","Turkey",78,"Van",897,"Ercis","TR.VA.ER",NA,"","District","District","",""
898,235,"TUR","Turkey",78,"Van",898,"Gürpinar","TR.VA.GU",NA,"","District","District","",""
899,235,"TUR","Turkey",78,"Van",899,"Gevas","TR.VA.GE",NA,"","District","District","",""
900,235,"TUR","Turkey",78,"Van",900,"Merkez","TR.VA.VA",NA,"","District","District","","Van Merkez
"
901,235,"TUR","Turkey",78,"Van",901,"Muradiye","TR.VA.MU",NA,"","District","District","",""
902,235,"TUR","Turkey",78,"Van",902,"Saray","TR.VA.SA",NA,"","District","District","",""
903,235,"TUR","Turkey",79,"Yalova",903,"Çinarcik","TR.YL.CN",NA,"","District","District","",""
904,235,"TUR","Turkey",79,"Yalova",904,"Çiftlikköy","TR.YL.CT",NA,"","District","District","",""
905,235,"TUR","Turkey",79,"Yalova",905,"Altinova","TR.YL.AL",NA,"","District","District","",""
906,235,"TUR","Turkey",79,"Yalova",906,"Armutlu","TR.YL.AR",NA,"","District","District","",""
907,235,"TUR","Turkey",79,"Yalova",907,"Merkez","TR.YL.YL",NA,"","District","District","","Yalova"
908,235,"TUR","Turkey",79,"Yalova",908,"Termal","TR.YL.TE",NA,"","District","District","",""
909,235,"TUR","Turkey",80,"Yozgat",909,"Çandir","TR.YZ.CD",NA,"","District","District","",""
910,235,"TUR","Turkey",80,"Yozgat",910,"Çayiralan","TR.YZ.CL",NA,"","District","District","",""
911,235,"TUR","Turkey",80,"Yozgat",911,"Çekerek","TR.YZ.CK",NA,"","District","District","",""
912,235,"TUR","Turkey",80,"Yozgat",912,"Akdagmadeni","TR.YZ.AK",NA,"","District","District","",""
913,235,"TUR","Turkey",80,"Yozgat",913,"Aydincik","TR.YZ.AY",NA,"","District","District","",""
914,235,"TUR","Turkey",80,"Yozgat",914,"Sefaatli","TR.YZ.SE",NA,"","District","District","",""
915,235,"TUR","Turkey",80,"Yozgat",915,"Bogazliyan","TR.YZ.BO",NA,"","District","District","",""
916,235,"TUR","Turkey",80,"Yozgat",916,"Kadisehri","TR.YZ.KA",NA,"","District","District","",""
917,235,"TUR","Turkey",80,"Yozgat",917,"Merkez","TR.YZ.YZ",NA,"","District","District","","Yozgat"
918,235,"TUR","Turkey",80,"Yozgat",918,"Sarikaya","TR.YZ.SK",NA,"","District","District","",""
919,235,"TUR","Turkey",80,"Yozgat",919,"Saraykent","TR.YZ.SA",NA,"","District","District","",""
920,235,"TUR","Turkey",80,"Yozgat",920,"Sorgun","TR.YZ.SO",NA,"","District","District","",""
921,235,"TUR","Turkey",80,"Yozgat",921,"Yenifakili","TR.YZ.YF",NA,"","District","District","",""
922,235,"TUR","Turkey",80,"Yozgat",922,"Yerköy","TR.YZ.YK",NA,"","District","District","",""
923,235,"TUR","Turkey",81,"Zinguldak",923,"Çaycuma","TR.ZO.CA",NA,"","District","District","",""
924,235,"TUR","Turkey",81,"Zinguldak",924,"Alapli","TR.ZO.AL",NA,"","District","District","",""
925,235,"TUR","Turkey",81,"Zinguldak",925,"Devrek","TR.ZO.DE",NA,"","District","District","",""
926,235,"TUR","Turkey",81,"Zinguldak",926,"Eregli","TR.ZO.ER",NA,"","District","District","",""
927,235,"TUR","Turkey",81,"Zinguldak",927,"Gökçebey","TR.ZO.GO",NA,"","District","District","",""
928,235,"TUR","Turkey",81,"Zinguldak",928,"Merkez","TR.ZO.ZO",NA,"","District","District","","Zonguldak"
